instruction,input,output
เขียนแนะนำเกี่ยวกับการดูแลสุขภาพที่ดี,,"การดูแลสุขภาพที่ดีมีหลายวิธี เช่น การทานอาหารที่มีประโยชน์และสมดุล การออกกำลังกายอย่างระมัดระวัง การนอนหลับเพียงพอ 
การป้องกันความเครียด และการมีสมดุลในสถานที่ทำงานและช่วงเวลาส่วนตัว พยายามที่จะปฏิบัติตามคำแนะนำเหล่านี้ให้ดีที่สุดเพื่อสุขภาพที่ดีและชีวิตที่มีคุณภาพ"
NCDs ย่อมาจากอะไร,,non-communicable diseases
NCDs คืออะไร,,"เป็นกลุ่มโรคไม่ติดต่อเรื้อรัง คือ ไม่ได้เกิดจากเชื้อโรคและไม่สามารถแพร่กระจายจากคนสู่คนได้ แต่เป็นโรคที่เกิดจากนิสัยหรือพฤติกรรมการดำเนินชีวิต 
ซึ่งจะมีการดำเนินโรคอย่างช้าๆ ค่อยๆ สะสมอาการอย่างต่อเนื่อง และเมื่อมีอาการของโรคแล้วมักจะเกิดการเรื้อรังของโรคด้วย"
ตัวอย่างของโรค NCDs มีอะไรบ้าง,,"โรคทางระบบหัวใจและหลอดเลือด เช่น โรคความดันโลหิตสูง โรคหลอดเลือดหัวใจ, โรคหลอดเลือดสมอง, โรคเบาหวาน, โรคมะเร็งต่างๆ,
โรคระบบทางเดินหายใจเรื้อรัง เช่น โรคปอดอุดกั้นเรื้อรัง ถุงลมโป่งพอง, โรคอ้วนลงพุง"
ตัวอย่างโรคทางระบบหัวใจและหลอดเลือดมีอะไรบ้าง,,"โรคความดันโลหิตสูง,โรคหลอดเลือดหัวใจ"
ตัวอย่างโรคระบบทางเดินหายใจเรื้อรังมีอะไรบ้าง,,"โรคปอดอุดกั้นเรื้อรัง,ถุงลมโป่งพอง"
สาเหตุที่ทำให้เกิดโรค NCDs มีอะไรบ้าง,,"สาเหตุหลักสำคัญของกลุ่มโรค NCDs คือพฤติกรรมเสี่ยงต่างๆ ในการดำเนินชีวิต ไม่ว่าจะเป็นการรับประทานอาหารรสจัด เช่น หวานจัด เค็มจัด 
อาหารที่มีไขมันสูง อาหารปิ้งย่าง การดื่มเครื่องดื่มแอลกอฮอล์ การสูบบุหรี่ การไม่ออกกำลังกาย การนอนดึก การมีความเครียดสูง 
การรับประทานยาโดยไม่ปรึกษาแพทย์ เป็นต้น ดังนั้นคนที่มีพฤติกรรมการดำเนินชีวิตเช่นนี้จึงมีความเสี่ยงที่จะเป็นโรค NCDs ได้มากกว่าคนอื่นๆ"
ความรุนแรงของโรค NCDs มีอะไรบ้าง,,"โรค NCDs จะไม่ใช่โรคติดต่อ แต่จากข้อมูลขององค์การอนามัยโลกพบว่า ตลอดช่วงเวลา 10 ปีที่ผ่านมากลุ่มโรค NCDs 
เป็นสาเหตุของการเสียชีวิตอันดับหนึ่งของคนไทย โดยมีคนไทยป่วยด้วยโรค NCDs ถึง 14 ล้านคน เสียชีวิตกว่า 300,000 คนต่อปี 
และคาดว่าจะมีแนวโน้มเพิ่มมากขึ้นในทุกๆ ปี ซึ่งส่วนใหญ่เสียชีวิตก่อนอายุ 60 ปี"
วิธีการป้องกันโรค NCDs มีอะไรบ้าง,,"- รับประทานอาหารที่มีประโยชน์ให้ครบ 5 หมู่ เน้นการรับประทานผักและผลไม้
- หลีกเลี่ยงการรับประทานอาหารรสหวานจัด เค็มจัด อาหารมัน รวมถึงอาหารปิ้งย่าง
- ออกกำลังกายอย่างสม่ำเสมอ อย่างน้อย 30 นาที/ครั้ง สัปดาห์ละ 5 ครั้ง
- งดดื่มเครื่องดื่มแอลกอฮอล์
- งดสูบบุหรี่
- พักผ่อนให้เพียงพอ
- ผ่อนคลายความเครียด
- ตรวจสุขภาพประจำปีอย่างสม่ำเสมอ
- รับประทานยาตามแพทย์สั่ง ไม่ซื้อยารับประทานเองโดยไม่ปรึกษาแพทย์หรือเภสัชกร
- หากมีอาการผิดปกติใดๆ ควรรีบปรึกษาแพทย์"
คนเราควรนอนวันละกี่ชั่วโมง,,ควรอยู่ที่ 6-8 ชั่วโมง/วัน 
ประโยชน์ของการนอนหลับ,,ขณะที่เรานอนหลับ เป็นช่วงเวลาที่ร่างกายจะได้พัฒนากระบวนการต่าง ๆ ที่สำคัญได้อย่างเต็มที่
โรคที่มาจากการนอนน้อยมีอะไรบ้าง,,"โรคอ้วน,  โรคเบาหวาน, โรคนอนไม่หลับเรื้อรัง, โรคหัวใจ"
การนอนน้อยทำให้เกิดโรคอ้วนได้อย่างไร,,นอนน้อยทำให้ระบบเจริญเติบโตแปรปรวน ทำให้อิ่มช้า และมีความอยากอาหารที่มีไขมันมากขึ้น
การนอนน้อยทำให้เกิดโรคเบาหวานได้อย่างไร,,การนอนน้อยกว่า 6 ชั่วโมง/วัน ส่งผลต่อระดับน้ำตาลในเลือดและระดับอินซูลินในเลือดที่สูงขึ้น
โรคนอนไม่หลับเรื้อรัง คืออะไร,,ใช้เวลามากกว่า 30 นาทีถึงจะหลับได้ หลับๆ ตื่นๆ ตลอดทั้งคืน และมีอาการดังกล่าวมามากกว่า 1 เดือน
การนอนหลับไม่เพียงพอส่งผลต่อร่างกายอย่างไร,,"ทำให้ความสามารถในการเรียนรู้ในวันต่อมาลดลง มีการศึกษาว่าการนอนน้อยกว่า 8 ชม. ต่อวันในเด็กและวัยรุ่นสัมพันธ์กับการเรียนรู้คณิตศาสตร์และภาษาที่ลดลง 
ทำให้สมาธิลดลงความเหนื่อยล้าอ่อนเพลียมากขึ้น และยังสัมพันธ์กับภาวะซึมเศร้าด้วย นอกจากนี้การนอนหลับยังสัมพันธ์กับการทำงานของระบบภูมิคุ้มกันในร่างกาย"
การนอนไม่หลับส่งผลต่อรับบภูมิคุ้มกันอย่างไร,,"การนอนหลับไม่เพียงพอทำให้ระบบภูมิคุ้มกันไม่มีประสิทธิภาพ ส่งผลให้เกิดการติดเชื้อได้ง่ายขึ้น การตอบสนองของภูมิคุ้มกันต่อวัคซีนลดลง 
และในระยะยาว มีการศึกษาว่าทำให้เกิดภาวะดื้อต่อฮอร์โมนอินซูลิน เป็นสาเหตุของโรคเบาหวานและเพิ่มความเสี่ยงต่อการเกิดโรคหลอดเลือดอุดตันในอนาคตได้"
การนอนน้อยทำให้เกิดโรคหัวใจได้อย่างไร,,นอนน้อยหรือนอนไม่เพียงพอ ทำให้มีความดันเลือดสูงมากผิดปกติ มีความเสี่ยงเป็นโรคหัวใจมากถึง 2 เท่า
โรคหัวใจ คืออะไร,,โรคหัวใจ หรือ Heart Disease หมายถึง โรคต่างๆ ที่ส่งผลกระทบต่อการทำงานของหัวใจ โดยความผิดปกติที่เกิดขึ้นในส่วนของหัวใจที่ต่างกัน ทำให้โรคหัวใจมีอาการต่างกันไปในแต่ละชนิด
พุง คืออะไร,,พุงเกิดจากการสะสมของไขมัน
พุง เกิดอะจากอะไร,,มีปัจจัยหลักมาจากการรับประทานในชีวิตประจำวัน การไม่ออกกำลังกาย นั่งเป็นเวลานานๆ
พุงมีกี่แบบ อะไรบ้าง,,"4 แบบ ได้แก่ พุงกลม, พุงเครียด, พุงหมาน้อย, พุงป่อง"
โรคอ้วนลงพุงเกิดจากอะไร,,เกิดจากการสะสมของไขมันที่เพิ่มมากขึ้นเรื่อยๆ ซึ่งมีปัจจัยหลักมาจากการรับประทานในชีวิตประจำวัน 
ตัวอย่างพฤติกรรมจากการกินที่เสี่ยงต่อโรคมะเร็ง,,"- กินปิ้งย่างทุกสัปดาห์
- กินอาหารแปรรูป หรืออาหารกึ่งสําเร็จรูป ของหมักดอง เป็นประจํา
- กินของทอดน้ํามันซ้ำ"
ตัวอย่างพฤติกรรมจากการกินที่เสี่ยงต่อโรคความดันโลหิตสูง,,"- ชอบกินรสเค็ม 
- กินอาหารฟาสต์ฟู้ดเป็นประจํา เช่น มันฝรั่งทอดกรอบ พิซซ่า ไก่ทอด "
ตัวอย่างพฤติกรรมจากการกินที่เสี่ยงต่อโรคหลอดเลือดสมองและหัวใจ,,"- กินอาหารไขมันสูง 
- ดื่มแอลกอฮอล์เป็นประจํา "
ตัวอย่างพฤติกรรมจากการกินที่เสี่ยงต่อโรคเบาหวาน,,"- ติดรสหวาน น้ําตาลตกค้างในกระแสเลือดมากเกินไป เป็นสาเหตุของโรคเบาหวาน
- ชอบกินอาหารไขมันสูง 
- สูบบุหรี่สารในบุหรี่ทําให้การทํางานของอินซูลินที่ทําหน้าที่ดูดซับน้ําตาลไปใช้ลดลง
- ดื่มเหล้า - เบียร์เซลล์ตับอ่อนอาจระคายเคืองจนอักเสบ สร้างอินซูลินได้ลดลง"
คำนวณค่า BMI สำหรับคนที่ความสูง 175 เซนติเมตร และน้ำหนัก 70 กิโลกรัม,,ค่า BMI ของคนที่มีความสูง 175 เซนติเมตรและน้ำหนัก 70 กิโลกรัม เท่ากับ 22.86
คำนวณค่าดัชนีมวลกาย (BMI) จากน้ำหนัก 65 กิโลแกรม และส่วนสูง 170 เซนติเมตร,,"ค่าดัชนีมวลกาย (BMI) คือ น้ำหนักหารด้วยความสูงยกกำลังสอง (น้ำหนัก / (ความสูง xความสูง)) 
สำหรับน้ำหนัก 65 กิโลแกรม และความสูง 170 เซนติเมตร คำนวณได้ดังนี้: 65 / (1.70 * 1.70) = 22.49"
คำนวณค่า BMI,"น้ำหนัก: 70 กิโลเเกรม, ส่วนสูง: 175 เซนติเมตร",BMI = 70 / (1.75 * 1.75) = 22.86
ปริมาณข้าวสวยที่ควรกินแต่ละมื้อ,,3 - 5 ทัพพี
คนเราควรกินผักและผลไม้ปริมาณเท่าไร่ต่อวัน,,ควรกินผักวันละ 4-6 ทัพพี 
คำแนะนำในการเลือกรับประทานอาหารสำหรับผู้ป่วยเบาหวาน,,"1. รับประทานอาการให้หลากหลายและมีความสมดุลของสารอาหาร รับประทานให้เป็นเวลา
2. หลีกเลี่ยงของหวานและอาหารที่มีส่วนผสมของน้้าตาล
3. รับประทานอาหารประเภทคาร์โบไฮเดรต ที่มีใยอาหารมากขึ้น
4. รับประทานอาหารตามปริมาณที่นักก้าหนดอาหารก้าหนดไว้"
อาหารที่ควรรับประทานต่อวันของผู้ป่วยเบาหวาน,,"- อาหารที่มีกากใยมาก เช่น ข้าวซ้อมมือ ขนมปัง ข้าวร้า
- พืชที่ให้พลังงานน้อย เช่น ผักใบทุกชนิด"
ผู้ป่วยเบาหวานต้องงดอาหารประเภทใดบ้าง,,"- ผลไม้รสหวานจัด เช่น กล้วย สับปะรด ทุเรียน ฯลฯ โดยรับประทานให้น้อยลง
- อาหารที่มีรสหวานจัด ขนมหวาน น้้าตาลทุกชนิด
- ผลไม้รสหวานจัด เช่น ทุกเรียน น้้าหวาน ลูกอม น้้าอดลม"
ผู้ป่วยเบาหวานสามารถเลือกกินอาหารประเภทแป้งปริมาณเท่าไหร่ได้บ้าง,,สามารถเลือก หมวดข้าว แป้ง ขนมปัง พลังงาน 80 กิโลแคลอรี่ 
แนะนำอาหารหมวดเนื้อสัตว์ สำหรับผู้ป่วยเบาหวาน,,ควรรับประทานเนื้อสัตว์ไม่ติดมัน 1 ส่วน พลังงาน 55 กิโลแคลอรี่
แนะนำอาหารประเภทผัก สำหรับผู้ป่วยเบาหวาน,,"หมวดนี้ 1 ส่วนให้พลังงาน 25 กิโลแคลอรี่ โดยปกติผัก 1 ส่วน จะเท่ากับผักดิบ 1 ถ้วยหรือผักสุก 1⁄2
ถ้วย ควรรับประทานให้หลากหลายใน 1 วัน โดยเฉพาะผักใบเขียว – ขาว ทุกชนิด"
แนะนำอาหารประเภทผลไม้ สำหรับผู้ป่วยเบาหวาน,,เลือกผลไม้ที่ให้พลังงาน 60 กิโลแคลอรี่
ผู้ป่วยโรคเบาหวาน กินนมได้หรือไม่,,กินได้ แต่ผู้ป่วยเบาหวาน ต้องหลีกเลี่ยงนมหวานทุกชนิด
ปริมาณไขมันที่เหมาะสมสำหรับผู้ป่วยเบาหวาน,,ควรหลีกเลี่ยง ไขมันในเนื้อสัตว์ และกะทิ เพื่อลดไขมันและโคเลสเตอรอล
อาหารสำหรับผู้ป่วยโรคไขมันในเลือดสูง,,"- อาหารที่ปรุงด้วยวิธีการต้ม นึ่ง ย่าง และอบ แทนการทอดและผัด
- อาหารที่มีเนื้อสัตว์หรือผลิตภัณฑ์ที่มีไขมันน้อยเป็นส่วนประกอบ แทนอาหารที่มีเนื้อสัตว์ไขมันสูง"
ช่วยแนะนำอาหารผู้ป่วยปอดอุดกั้นเรื้อรัง,,"- เลือกอาหารอ่อน กินง่าย โดยไม่ต้องเคี้ยวมาก เช่น ซุป ไข่เจียว พาสต้า พายปลา โยเกิร์ต
- ดื่มสารน้ำที่มีพลังงาน เช่น นมหรือช็อกโกแลต
- เพิ่มสารอาหารโปรตีน
- เพิ่มอาหารที่ให้พลังงาน เช่น ครีม เนย มาการีน น้ำตาล แยม น้ำผึ้ง น้ำเชื่อม"
โรค NCDs คืออะไร,,"โรคไม่ติดต่อเรื้อรัง (Non-Communicable Diseases) หรือโรค NCDs
ไม่ได้เกิดจากเชื้อโรคและไม่มีการแพร่กระจายจากคนสู่คน แต่เกิดจาก
การบริโภคอาหาร หวาน มัน เค็ม มากเกินไป อาการของโรคจะเกิดช้า ๆ
และค่อย ๆ สะสมอย่างต่อเนื่อง เมื่อเป็นแล้วมักจะเรื้อรัง"
โรคอ้วน เกิดจากอะไร,,โรคอ้วน เกิดจากการบริโภคอาหารที่ให้พลังงานสูงเป็นประจำและบริโภคมากเกินความจำเป็นของร่างกาย ทำให้เกิดการสะสมไขมันส่วนเกินไว้มากกว่าปกติ
ตัวอย่างอาหารที่ทำให้เกิดโรคอ้วน,,"- ขนมกรุบกรอบ
- เครื่องดื่มรสหวาน
- อาหารที่มีแป้ง ไขมัน และน้ำตาล ในปริมาณมาก"
ปริมาณน้ำตาลที่ควรได้รับในแต่ละวัน,,"ใน 1 วันไม่ควรบริโภคน้ำตาลเกิน 65 กรัม
น้ำตาลตามธรรมชาติ จาก ผัก ผลไม้ หรือนม ไม่ควรเกิน 41 กรัม/วัน
น้ำตาลอิสระ จากน้ำตาลที่เติมลงไปในอาหาร น้ำผึ้ง น้ำเชื่อม หรือน้ำผลไม้ ไม่ควรเกิน 24 กรัมต่อวัน"
การเลือกน้ำมันให้เหมาะสมกับวิธีปรุงประกอบอาหาร,,"- ทอดอาหารแบบน้ำมันท่วม หรือทอดอาหาร โดยใช้ไฟแรงและใช้ระยะเวลานาน ควรใช้น้ำมันปาล์มโอเลอิน
- การผัดอาหาร สามารถใช้น้ำมันพืช ได้แก่ น้ำมัน ถั่วเหลือง น้ำมันข้าวโพด น้ำมันดอกคำฝอย น้ำมันเมล็ดดอกทานตะวัน
น้ำมันรำข้าว น้ำมันมะกอก น้ำมันงา"
ปริมาณโซเดียมที่ควรได้รับในแต่ละวัน,,"ใน 1 วันไม่ควรบริโภคโซเดียวเกิน 2,400 มิลลิกรัม "
ตัวอย่างอาหารที่มีโซเดียมอยู่,,"1. อาหารสำเร็จรูป
2. อาหารแปรรูปและอาหารหมักดอง
3. ผงชูรส
4. เครื่องปรุงรส/เครื่องแกงสำเร็จรูปต่าง ๆ
5. ขนมกรุบกรอบ/ขนมที่ใส่ผงฟู
6. เครื่องดื่มบางประเภท"
เราไม่ควรกินไขมันเกินวันละเท่าไหร่,,"ใน 1 วันไม่ควรบริโภคโซเดียวเกิน 65 กรัม ปริมาณนี้จะรวมไขมันที่ได้รับจากอาหาร
ทั้งหมดใน 1 วัน เช่น ไขมันที่อยู่ในเนื้อสัตว์ต่าง ๆ น้ำมันปรุงประกอบอาหาร ฯลฯ
โดยปริมาณที่แนะนำต่อวันนี้ มีข้อแนะนำให้บริโภคน้ำมันไม่ควรเกิน 6 ช้อนชาต่อวัน"
ตัวอย่างเครื่องปรุงรสที่มีโซเดียมเป็นจำนวนมาก และมีปริมาณเท่าไร,,"- เกลือ 1 ช้อนชา มีโซเดียม 2,000 มิลลิกรัม
- ผงปรุงรส 1 ช้อนชา มีโซเดียม 815 มิลลิกรัม
- น้ำปลา 1 ช้อนชา มีโซเดียม 500 มิลลิกรัม
- ซีอิ๊ว 1 ช้อนกินข้าว มีโซเดียม 1,190 มิลลิกรัม
- ซอสถั่วเหลือง 1 ช้อนกินข้าว มีโซเดียม 1,187 มิลลิกรัม
- ซอสหอยนางรม 1 ช้อนกินข้าว มีโซเดียม 518 มิลลิกรัม
- น้ำจิ้มไก่ 1 ช้อนกินข้าว มีโซเดียม 385 มิลลิกรัม
- ซอสพริก 1 ช้อนกินข้าว มีโซเดียม 231 มิลลิกรัม
- ซุปก้อน 1 ก้อน (10 กรัม) มีโซเดียม 1,760 มิลลิกรัม"
แดชไดเอทคืออะไร,,"DASH Diet หรือ Dietary Approaches to Stop Hypertension
Diet เป็นหลักการบริโภคอาหารเพื่อการดูแลสุขภาพในระยะยาว ซึ่งถูก
ออกแบบมาเพื่อรักษาหรือป้องกันภาวะความดันโลหิตสูง"
 วิธีการเลือกกินอาหารของผู้ป่วยโรคหัวใจ,,"1. กินเนื้อปลา ไข่ขาว เนื้อไก่ เนื้อหมูที่ไม่มันหรือหนัง
2. กินก๋วยเตี๋ยว ขนมปัง หรือแป้งอื่น ๆ ให้เพียงพอทุกมื้อ
3. กินอาหารรสอ่อนเค็ม หลีกเลี่ยงอาหารหมักดองเค็ม และไม่เติมเกลือ
4. หลีกเลี่ยงอาหารที่มีโคเลสเตอรอลสูง ได้แก่ เครื่องในสัตว์ ไข่แดง อาหารทะเล เช่น กุ้ง ปลาหมึก หอยนางรม
5. เลือกใช้น้ำมันพืช แทนน้ำมันจากสัตว์
6. กินผลไม้ที่มีกากใยอาหาร เพื่อป้องกันท้องผุก
7. กินอาหารให้ครบ 5 หมู่
8. จำกัดปริมาณน้ำดื่มน้อยกว่า 2 ลิตร/วัน"
ตัวอย่างผักสีแดงที่ควรกิน,,มะเขือเทศ พริกขี้หนู กระเจี๊ยบ
แนะนำผักสีส้มหรือเหลืองที่ควรใส่ในอาหาร,,แครอท ฟักทอง ข้าวโพดอ่อน
บอกผักสีเขียวที่มีประโยชน์ต่อร่างกาย,,คะน้า ตำลึง แตงกวา ถั่วฝักยาว บวบ มะระ
ยกตัวอย่างผักสีม่วง,,กะหล่ำปลีม่วง มะเขือม่วง ดอกอัญชัญ
ผักสีขาวที่ควรมีในเมนูอาหาร,,หอมใหญ่ กระเทียม ดอกแค ดอกกะหล่ำ
วิธีการกินผักที่ดี,,"ควรเวียนกินให้ครบ 5 สี 
1. สีแดง เช่น  มะเขือเทศ พริกขี้หนู กระเจี๊ยบ
2. สีส้มหรือสีเหลือง เช่น แครอท ฟักทอง ข้าวโพดอ่อน
3. สีเขียว เช่น คะน้า ตำลึง แตงกวา ถั่วฝักยาว บวบ มะระ
4. สีม่วง เช่น กะหล่ำ ปลีม่วง มะเขือม่วง ดอกอัญชัญ
5. สีขาว เช่น หอมใหญ่ กระเทียม ดอกแค ดอกกะหล่ำ"
พุงกลมมีลักษณะอย่างไร,,พุงกลมๆ ยื่นออกมาอย่างเห็นได้ชัด เพราะมีไขมันสะสมอยู่เป็นจำนวนมาก
สาเหตุของพุงกลมเกิดจากอะไร,,"คนที่มีพุงกลมๆ ส่วนใหญ่เกิดจากการดื่มแอลกอฮอล์เป็นประจำ ไม่ว่าจะเป็นการดื่มเหล้า ดื่มเบียร์ หรือเครื่องดื่มอื่นๆ ที่มีแอลกอฮอล์ แอลกอฮอล์จะส่งผลต่อระบบย่อยอาหาร 
ทำให้กระเพาะอาหารย่อยได้ยากขึ้น เมื่อรับประทานอาหารที่ไม่ย่อยเข้าไป จะทำให้เกิดเป็นพุงกลมๆ ยื่นออกมาอย่างเห็นได้ชัด 
และเนื่องจากแอลกฮอล์มีปริมาณน้ำตาลและแคลอรี่สูง จึงทำให้เรามีพุงกลม หรือเรียกว่า “อ้วนลงพุง” "
การดื่มแอลกอฮอล์เป็นประจำ ส่งผลเสียอย่างไร,,ส่งผลต่อระบบย่อยอาหาร ทำให้กระเพาะอาหารย่อยได้ยากขึ้น
แอลกอฮอล์เป็นสาเหตุที่ทำให้อ้วนลงพุงใช่มั้ย,,ใช่ เนื่องจากแอลกฮอล์มีปริมาณน้ำตาลและแคลอรี่สูง
วิธีการลดพุงกลม ทำอย่างไร,,"ลดพุงกลมได้โดยการปรับพฤติกรรมของตนเอง งดการดื่มเครื่องดื่มที่มีแอลกอฮอล์ หรือมีปริมาณน้ำตาลสูง ควรเน้นการรับประทานผัก ผลไม้ให้มากขึ้น 
เพื่อให้ระบบย่อยอาหารดีขึ้น ที่สำคัญควรหมั่นออกกำลังกาย เน้นท่าออกกำลังที่ช่วยในการลดหน้าท้อง"
การกินผักและผลไม้ช่วยลดพุงได้ใช่หรือไม่,,ใช่
วิธีการกินเพื่อไม่ให้อ้วนลงพุง,,ห้ามอดมื้อเช้า พราะมื้อเช้า เป็นมื้อสำคัญที่สุด ช่วยเติมพลังงานทั้งร่างกายและสมอง โดยเฉพาะการกินผักผลไม้จะช่วยให้อิ่มเร็ว และกากไยก็ช่วยให้ระบบขับถ่ายดีขึ้น
อาหารมื้อเช้าสำคัญอย่างไร,,ช่วยเติมพลังงานทั้งร่างกายและสมอง
วิธีการกินเพื่อไม่ให้อ้วนลงพุงมีอะไรบ้าง,,ลดอาหารพวกไขมัน ผัดและทอด เช่นการ หันมากินอาหารประเภท ต้ม ยำ ลวก ตุ๋น อบ นึ่ง แทน
วิธีกินเพื่อไม่ให้อ้วนทำอย่างไร,,ดื่มน้ำ 8-10 แก้วต่อวัน ช่วยลดปริมาณไขมันในร่างกาย และถ้าดื่มก่อนมื้ออาหาร 1 ชม. ก็จะช่วยลดความอยากอาหารลงไปด้วย
วิธีการกินเพื่อไม่ให้อ้วนทำอย่างไรบ้าง,,"ห้ามอดมื้อเช้า, ลดอาหารพวกไขมัน ผัดและทอด, ดื่มน้ำ 8-10 แก้วต่อวัน, คุมน้ำตาล นอกมื้ออาหาร, งดพฤติกรรมกินดึก "
พฤติกรรมการกินดึกทำให้อ้วนใช่หรือไม่,,ใช่ กินดึก ตัวการหนักทำให้เกิดภาวะอ้วน ทางที่ดีถ้าทนไม่ไหวจริงๆ อาจเลือกทานพวกผลไม้แทน เช่น ฝรั่ง แอปเปิ้ล
โรคอ้วน มีกี่ประเภท อะไรบ้าง ,,โรคอ้วน แบ่งออกได้เป็น 2 ประเภท ได้แก่ อ้วนลงพุง และอ้วนทั้งตัว
อ้วนลงพุง คืออะไร,,อ้วนลงพุง เป็นโรคที่มาจากการใช้ชีวิตที่ไม่เหมาะสม ตั้งแต่อาหารการกิน ไม่มีเวลาออกกำลังกาย จนทำให้กลายเป็นโรคอ้วนตามมา คนที่อ้วนลงพุง มักจะมีไขมันสะสมในช่องท้องมากเกินไป 
ผลเสียของอ้วนลงพุงคืออะไร,,ทำให้เกิดเมตาบอลิกซินโดรม ทำให้เกิดภาวะแทรกซ้อนมาก
วิธีลดพุงกลม ทำได้อย่างไรบ้าง,,"ลดพุงกลมได้โดยการปรับพฤติกรรมของตนเอง งดการดื่มเครื่องดื่มที่มีแอลกอฮอล์ หรือมีปริมาณน้ำตาลสูง ควรเน้นการรับประทานผัก ผลไม้ให้มากขึ้น เพื่อให้ระบบย่อยอาหารดีขึ้น 
ที่สำคัญควรหมั่นออกกำลังกาย เน้นท่าออกกำลังที่ช่วยในการลดหน้าท้อง"
พุงเครียด คืออะไร,,พุงเครียดจะมีลักษณะพุงเป็นชั้นๆ หน้าท้องบวมอืด และยื่นเป็นชั้นออกมาระหว่างสะดือและกระบังลม
สาเหตุของพุงเครียด คืออะไร,,"พุงเครียดเกิดจากความเครียด และการพักผ่อนที่ไม่เพียงพอ ทำให้ระบบเผาผลาญของร่างกาย ทำงานได้ไม่ปกติ และผลิตไขมันขึ้นที่บริเวณหน้าท้อง นอกจากความเครียดแล้ว 
ยังเกิดจาก การรับประทานอาหารไม่ตรงเวลา การรับประทานอาหารประเภท Junk Food มากเกินไป รวมไปถึงการดื่มกาแฟ"
ผลเสียของพุงเครียดคืออะไร,,พุงเครียดยังเป็นสัญญาณเตือนของโรคลำไส้แปรปรวน จะทำให้มีอาการปวดท้อง แน่นท้อง และมีปัญหาเกี่ยวกับระบบขับถ่าย
วิธีลดพุงเครียด ทำได้อย่างไรบ้าง,,"พุงเครียดสามารถลดได้โดยการปรับพฤติกรรมของเจ้าของพุง พยายามลดความเครียด หาวิธีจัดการกับความเครียด พักผ่อนให้เพียงพอ หากิจกรรมที่ช่วยในการผ่อนคลาย จำกัดการดื่มกาแฟ 
โดยไม่ควรดื่มเกินวันละ 2 แก้ว รับประทานอาหารให้ตรงเวลา และรับประทานในปริมาณที่พอเหมาะ เน้นการออกกำลังกายเบาๆ เช่น โยคะ พิลาทีส เพื่อช่วยลดความเครียด"
เราควรกินกาแฟไม่เกินกี่แก้วต่อวัน,,ไม่ควรดื่มเกินวันละ 2 แก้ว
กินอาหารไม่ตรงเวลาส่งผลให้เกิดโรคอะไร,,โรคอ้วนลงพุง
หากเราเครียดมากๆ ส่งผลให้เกิดโรคอะไร,,โรคอ้วนลงพุง
พุงหมาน้อย คืออะไร,,พุงหมาน้อยจะมีลักษณะพุงด้านล่างห้อย แต่พุงด้านบนเรียบปกติ
สาเหตุของพุงหมาน้อย คืออะไร,,"พุงหมาน้อยจะมีเกิดจากการที่ชอบรับประทานหวานมากเกินไป อาหารที่มีน้ำตาลสูง อาหารประเภทข้าว ขนมปัง นอกจากนี้ยังเกิดได้กับคนที่ต้องนั่งทำงานอยู่กับที่เป็นเวลานานๆ 
ไม่ค่อยได้ทำกิจกรรมอย่างอื่น รวมถึงการไม่ออกกำลังกาย"
ผลเสียของพุงหมาน้อยคืออะไร,,อาหารไม่ย่อย
วิธีลดพุงหมาน้อย ทำได้อย่างไรบ้าง,,รับประทานอาหารที่มีไฟเบอร์สูง เพื่อช่วยให้ระบบย่อยทำงานได้ดีขึ้น ลดการรับประทานอาหารประเภทคาร์โบไฮเดรต เน้นอาหารประเภท Low Fat และหมั่นออกกำลังกายให้มากขึ้น
พุงป่อง คืออะไร,,พุงป่องจะมีลักษณะคล้ายกันกับพุงกลม แต่พุงจะแบนตอนเช้า และป่องในช่วงตอนกลางวัน
สาเหตุของพุงป่อง คืออะไร,,พุงลักษณะนี้เกิดจากการรับประทานอาหารที่ย่อยยาก มีแก๊สในกระเพาะอาหารมาก ทำให้ท้องอืด
ผลเสียของพุงป่องคืออะไร,,อาหารไม่ย่อย
วิธีลดพุงป่อง ทำได้อย่างไรบ้าง,,"สามารถลดได้โดยการปรับเปลี่ยนวิธีการรับประทานอาหาร รับประทานอาหารที่มีกากใยให้มากขึ้น ดื่มน้ำมากๆ เพื่อช่วยให้ระบบย่อยอาหารและระบบขับถ่ายทำงานได้ดียิ่งขึ้น 
หลีกเลี่ยงการรับประทานอาหารจำพวกแป้ง น้ำตาล และงดการรับประทานในช่วงมื้อดึก"
อาหารไม่ย่อยคืออะไร,,เป็นอาการปวดท้องบริเวณช่วงบน ร่วมกับมีอาการท้องอืด จุกเสียดแน่นท้อง จุกลิ้นปี่ รู้สึกอึดอัด ไม่สบายตัว โดยมักมีอาการในระหว่างหรือหลังรับประทานอาหาร 
สาเหตุของอาหารไม่ย่อย คืออะไร,,มีปัจจัยมาจากพฤติกรรมการกิน และลักษณะการดำเนินชีวิต รวมไปถึงอาหาร เครื่องดื่ม หรือยาบางชนิด ที่เป็นตัวกระตุ้นให้เกิดอาการ
พฤติกรรมที่ทำให้เกิดอาหารไม่ย่อย,,"1. เคี้ยวอาหารไม่ละเอียดก่อนกลืน รับประทานเร็ว รับประทานเยอะ
2. ชอบรับประทานอาหารมันๆ อาหารรสเผ็ดจัด
3. ดื่มเครื่องดื่มที่มีคาเฟอีน แอลกอฮอล์ น้ำอัดลม มากเกินไป
4. น้ำหนักเกินมาตรฐาน หรือเป็นโรคอ้วน
5. รับประทานยาบางชนิด ที่ส่งผลกระทบต่อระบบย่อยอาหาร เช่น ยาสเตียรอยด์ ยาปฏิชีวนะ อาหารเสริมธาตุเหล็ก เป็นต้น
6. มีแผลในกระเพาะอาหาร ลำไส้เล็ก กรดไหลย้อน
7. มีภาวะเครียดหนัก ภาวะวิตกกังวล
8. สูบบุหรี่เป็นประจำ"
โรคมะเร็งกระเพาะอาหาร เกิดจากอะไร,,เกิดจากอาการอาหารไม่ย่อยเป็นประจำ
วิธีการป้องกันอาหารไม่ย่อยมีอะไรบ้าง,,"1. ปรับเปลี่ยนพฤติกรรมการรับประทาน โดยรับประทานให้ตรงเวลา ไม่รับประทานทีละมากๆ หรือรีบกินจนเกินไป
2. หลีกเลี่ยงการรับประทานอาหารรสจัด ไขมันสูง และอาหารย่อยยาก
3. หลีกเลี่ยงการดื่มเครื่องดื่มที่มีแอลกอฮอล์ คาเฟอีน น้ำอัดลม
4. ไม่เครียดหรือวิตกกังวลมากจนเกินไป เพราะจะส่งผลให้ระบบย่อยอาหารทำงานไม่ปกติ
5. ออกกำลังกายอย่างสม่ำเสมอ ควบคุมน้ำหนักตัวให้อยู่ในเกณฑ์ที่เหมาะสม
6. ปรึกษาแพทย์เกี่ยวกับการใช้ยา หลีกเลี่ยงการรับใช้กลุ่มยาแก้ปวด หรือยาที่อาจมีผลต่อระบบย่อยอาหารอื่นๆ"
รู้ได้อย่างไรว่าเป็นโรคอ้วน,,การวัดจากดัชนีมวลกาย หรือ Body Mass Index – BMI 
ค่าดัชนีมวลกายเป็นเท่าไหร่จึงถือว่าอ้วน,,ค่า BMI > 25 kg/m² เรียกว่า โรคอ้วน
สาเหตุของโรคอ้วน มีอะไรบ้าง,,"แบ่งออกเป็น ปัจจัยภายใน และปัจจัยภายนอก ซึ่งส่วนใหญ่แล้วผู้ที่เป็นโรคอ้วน มักมีสาเหตุจากปัจจัยภายนอก เพราะมีพฤติกรรมการรับประทานที่ตามใจตนเอง 
จนทำให้รับประทานเกินความต้องการของร่างกาย"
ปัจจัยภายนอกที่ทำให้เกิดโรคอ้วนมีอะไรบ้าง,,"ปัจจัยภายนอก ได้แก่
1. รับประทานอาหารที่ให้พลังงานสูง เนื้อ ไขมัน แป้ง ของหวาน
2. รับประทานไม่เป็นเวลา กินจุบกินจิบ
3. นั่งๆ นอนๆ เป็นส่วนใหญ่
4. ขาดการออกกำลังกาย"
ค่าดัชนีมวลกายของบุคคลทั่วไปเป็นเท่าไหร่,,ค่า BMI < 18.5 – 22.9 kg/m² เรียกว่า ปกติ
ปัจจัยภายในที่ทำให้เกิดโรคอ้วนมีอะไรบ้าง,,"ปัจจัยภายใน ได้แก่
1. ความผิดปกติของต่อมไรท่อ เช่น ต้อมใต้สมอง ต่อมไทรอยด์
2. ภาวะเครียด
3. จิตใจและอารมณ์
4. กรรมพันธุ์
5. โรคประจำตัว เช่น เบาหวาน ความดันโลหิตสูง
6. การรับประทานยาบางชนิด
7. อายุ เนื่องจากอายุมาก จะมีการใช้พลังงานน้อยลง"
ผลกระทบจากโรคอ้วน ทำให้เกิดโรคอะไรบ้าง,,"ตัวอย่าง เช่น โรคหลอดเลือดหัวใจและสมอง, โรคความดันโลหิตสูง, โรคไขมันในเลือดสูง, โรคเบาหวาน"
ผลเสียของโรคความดันโลหิตสูง คืออะไร,,"ทำให้เกิดโรคร้ายตามมา ไม่ว่าจะเป็น ภาวะหัวใจวาย โรคหัวใจเต้นผิดจังหวะ โรคหลอดเลือดหัวใจตีบ ความน่ากลัวของโรคความดันโลหิตสูงคือ เป็นโรคที่มักไม่มีอาการ 
และจะเป็นโรคเรื้อรังที่รุนแรงถ้าไม่สามารถควบคุมโรคได้"
อาการความดันโลหิตสูงเป็นอย่างไร,,ส่วนใหญ่ไม่มีอาการผิดปกติหรือสัญญาณเตือน ยกเว้นผู้ป่วยที่เป็นโรคความดันโลหิตสูงระยะรุนแรงก็อาจมีอาการแสดง เช่น ปวดศีรษะรุนแรง หายใจได้สั้นลง เลือดกำเดาไหล
อันตรายของโรคความดันโลหิตสูง คืออะไร,,"1. เลือดไปเลี้ยงไตไม่พอ ไตวายเรื้อรัง
2. หลอดเลือดหัวใจหนา หัวใจขาดเลือด หัวใจวาย
3. หลอดเลือดตีบ โป่งพอง เลือดไปเลี้ยงอวัยวะได้น้อยลง
4. มีผลต่อเส้นเลือดที่ไปเลี้ยงจอประสาทตา ทำให้จอประสาทตาเสื่อม
5. เป็นสาเหตุของอัมพฤกษ์ อัมพาต"
โรคความดันโลหิตสูง คืออะไร,,ภาวะแรงกดดันในหลอดเลือดแดงที่มีค่าสูงเกินปกติ (140/90 มิลลิเมตรปรอท)
ความดันโลหิตสูง ส่งผลอย่างไรต่อหัวใจ,,ความดันโลหิตสูง ส่งผลให้หัวใจทำงานหนักขึ้น ทำให้ผนังหัวใจหนาตัว
สามารถป้องกันโรคความดันโลหิตสูงได้อย่างไร,,"สามารถป้องกันโรคความดันโลหิตสูงได้ด้วยการ ลดกินเกลือ (โซเดียม) เพิ่มการรับประทานผักผลไม้(รสหวานน้อย) ออกกำลังกายอย่างสม่ำเสมอ ดื่มเครื่องดื่มที่มีแอลกอฮอล์น้อยลง 
งดสูบบุหรี่ รวมถึงหลีกเลี่ยงการสูดดมควันบุหรี่"
ระดับความดันโลหิตปกติควรอยู่ที่เท่าไร,,ความดันโลหิตที่ “เหมาะสม” ของคนอายุ 18 ปี ขึ้นไปอยู่ที่ 120-129 มม.ปรอท สำหรับตัวบน และ 80-84 มม.ปรอท สำหรับตัวล่าง
โรคร่วมที่มาพร้อมกับความดันโลหิตสูงคืออะไร,,โรคร่วมที่มาพร้อมกับความดันโลหิตสูง เช่น เบาหวาน ไขมันในเลือดสูง เป็นต้น
โรคเบาหวาน คืออะไร,,"เบาหวาน เป็นภาวะที่ร่างกายมีน้ำตาลในเลือดสูงกว่าปกติ เนื่องจากการขาดฮอร์โมนอินซูลิน ส่งผลให้กระบวนการดูดซึมน้ำตาลในเลือดให้เป็นพลังงานของเซลล์ในร่างกายมีความผิดปกติ
หรือทำงานได้ไม่เต็มประสิทธิภาพ จนเกิดน้ำตาลสะสมในเลือดปริมาณมาก"
โรคเบาหวาน มีผลเสียอะไร,,จะทำให้อวัยวะต่าง ๆ เสื่อม
ตัวอย่างอาการของโรคเบาหวาน มีอะไรบ้าง,,"ปัสสาวะบ่อย ถึงบ่อยมาก, คอแห้ง กระหายน้ำ, หิวบ่อย กินจุ, น้ำหนักลด"
ระดับน้ำตาลของคนปกติ ควรมีปริมาณเท่าไหร่,,ระดับน้ำตาลในเลือด อยู่ระหว่าง 70-100 คุณอยู่ในภาวะปกติ
ระดับน้ำตาลของเบาหวานแฝง มีปริมาณเท่าไหร่,,ระดับน้ำตาลในเลือดเท่ากับ 100 – 125 คุณมีภาวะความเสี่ยง หรือเรียกว่า เบาหวานแฝง
ระดับน้ำตาลของเบาหวานที่มีภาวะเสี่ยง มีปริมาณเท่าไหร่,,ระดับน้ำตาลในเลือดเท่ากับ 100 – 125 คุณมีภาวะความเสี่ยง หรือเรียกว่า เบาหวานแฝง
ระดับน้ำตาลของผู้ป่วยเบาหวาน มีปริมาณเท่าไหร่,,ระดับน้ำตาลในเลือด มากกว่า 126 คุณมีความเสี่ยงเป็นโรคเบาหวาน
โรคเบาหวานสามารถรักษาให้หายขาดได้หรือไม่,,โรคเบาหวานไม่สามารถรักษาให้หายขาดได้
คอเลสเตอรอล (Cholesterol) คืออะไร,,คอเลสเตอรอล คือ สารประกอบไขมันชนิดหนึ่งที่มีความสำคัญต่อร่างกาย ร่างกายของเราต้องการคอเลสเตอรอลบางอย่างในการสร้างสุขภาพที่ดี 
คอเลสเตอรอลสูง เสี่ยงต่อการเกิดโรคอะไรบ้าง,,"ผู้ที่มีระดับคอเลสเตอรอลสูงสามารถเพิ่มความเสี่ยงต่อการเกิด
• โรคหลอดเลือดแดงแข็ง (atherosclerosis)
• โรคหัวใจวาย (heart attack)
• โรคหลอดเลือดสมอง (stroke)
• ภาวะสมองขาดเลือดชั่วขณะ (transient ischaemic attack: TIA)
• โรคหลอดเลือดแดงส่วนปลายอุดตัน (peripheral arterial disease: PAD)"
วิธีการลดคอเลสเตอรอลสูง ทำได้อย่างไร,,"สามารถทำได้โดยการปรับเปลี่ยนพฤติกรรมการทานอาหาร และพฤติกรรมการใช้ชีวิตบางอย่าง เช่น การออกกำลังกายอย่างสม่ำเสมอ การควบคุมน้ำหนัก การเลือกรับประทานอาหารที่มีประโยชน์ 
การควบคุมปริมาณการดื่มเครื่องดื่มแอลกอฮอล์ การเลิกสูบบุหรี่ เป็นต้น"
กิน-อยู่อย่างไรให้ห่างไกลคอเลสเตอรอล,,"1. หลีกเลี่ยงเมนูหวาน ๆ มัน ๆ เช่น ขนมปัง อาหารฟาสต์ฟู้ด เค้ก คุกกี้
2. ทานอาหารที่มีกากใยสูง เช่น แอปเปิ้ล ฝรั่ง ผักใบเขียว
3. รับประทานอาหารที่มีโอเมก้า 9 เช่น น้ำมันมะกอก น้ำมันรำข้าว
4. หลีกเลี่ยงอาหารคอเลสเตอรอลสูง เช่น ตับ เครื่องในสัตว์ ปลาหมึก เนื้อสัตว์ติดไขมัน
5. ออกกำลังกาย 3 วัน/สัปดาห์ ประมาณ 20-30 นาทีต่อวัน
6. งดดื่มแอลกอฮอล์ และสูบบุหรี่ เพราะส่งผลต่อระดับคอเลสเตอรอล"
บุคคลทั่วไป สามารถรับประทานอาหารที่มีคอเลสเตอรอลรวมกันได้เท่าไหร่,,"ไม่เกิน 300 มก./วัน
"
ผู้ป่วยโรคเบาหวาน สามารถรับประทานอาหารที่มีคอเลสเตอรอลรวมกันได้เท่าไหร่,,ควรรับประทานทานไม่เกิน 200 มก./วัน
หากปล่อยให้คอเลสเตอรอลสูงมากเกินไป เกิดผลเสียอย่างไร,,ร่างกายอาจเสี่ยงต่อโรคหัวใจขาดเลือด อัมพฤกษ์ได้ 
วิธีป้องกันคอเลสเตอรอลสูง,,ควรตรวจสุขภาพเพื่อวัดระดับคอเลสเตอรอลในร่างกายทุกปี เพื่อป้องกันภัยจากโรคคอเลสเตอรอลสูงในเลือดได้ทันท่วงที
โรคอะไร เป็นสาเหตุอันดับต้นของการเสียชีวิตของประชากร,,โรคมะเร็ง
ปัจจัยเสี่ยงที่กระตุ้นและทำให้เกิดโรคมะเร็ง คืออะไรบ้าง,,"- อายุ / กรรมพันธุ์ / ความไม่สมดุลทางฮอร์โมน
- การรับประทานอาหาร เช่น  การบริโภคอาหารไขมันสูง ดื่มแอลกอฮอล์ เป็นต้น
- การสูบบุหรี่ (มีความสัมพันธ์กับการเกิดโรคมะเร็งหลายชนิด)
- การใช้สารเคมีเป็นประจำ
- ขาดการออกกำลังกาย"
สัญญาณอันตรายเสี่ยง โรคมะเร็ง มีอะไรบ้าง,,"- ระบบขับถ่ายที่เปลี่ยนแปลง
- แผลที่ไม่รู้จักหาย
- ร่างกายมีก้อนตุ่ม
- กลุ้มใจเรื่องการกลืนอาหาร
- ทวารทั้งหลายมีเลือดไหล
- ไฝ หูดที่เปลี่ยนไป
- ไอและเสียงแหบจนเรื้อรัง"
โรคมะเร็งตับ มีสาเหตุจากอะไร,,การได้รับเชื้อไวรัสตับอักเสบ การดื่มแอลกอฮอล์ รับสารพิษอะฟลาท็อกซิน (Aflatoxin) การรับยาบางชนิด และพันธุกรรม เป็นต้น
โรคมะเร็งตับ ส่วนใหญ่อยู่ในช่วงอายุเท่าไร,,ส่วนใหญ่อยู่ในช่วงอายุ 30- 70 ปี 
โรคมะเร็งท่อน้ำดี มีสาเหตุจากอะไร,,"ปัจจัยเสี่ยงของโรคนี้มาจากการรับประทานอาหารสุก ๆ ดิบ ๆ โดยเฉพาะปลาน้ำจืดแบบดิบ ทำให้ได้รับตัวอ่อนของพยาธิใบไม้ตับ เกิดการติดเชื้อพยาธิใบไม้ตับ 
นอกจากนี้ยังมีปัจจัยเสี่ยงอื่น ๆ เช่น บุคคลในครอบครัวเป็นมะเร็งท่อน้ำดี ภาวะท่อน้ำดีอักเสบเรื้อรัง การสูบบุหรี่ เป็นต้น"
การรับประทานอาหารสุก ๆ ดิบ ๆ ส่งผลให้เกิดโรคอะไร,,โรคมะเร็งท่อน้ำดี 
โรคมะเร็งปอด มีสาเหตุจากอะไร,,สาเหตุหลักของมะเร็งปอดมาจากการสูบบุหรี่ หรือรับควันบุหรี่
อาการโรคมะเร็งปอดมีอะไรบ้าง,,อาการเริ่มแรกมักมีการไอเสมหะหรือไอมีเลือด เจ็บหน้าอก หายใจดังและถี่ ความอยากอาหารลดลง เป็นต้น
อาการโรคมะเร็งลำไส้ใหญ่และทวารหนักมีอะไรบ้าง,,อาการของมะเร็งลำไส้ใหญ่มักปรากฏให้เห็นเช่น อุจจาระมีเลือดปน น้ำหนักลด มีอาการลำไส้อักเสบเรื้อรัง  เป็นต้น
โรคมะเร็งเต้านม เกิดจากอะไร,,เกิดจากความผิดปกติของเซลล์ในต่อมน้ำนมและท่อน้ำนม 
โรคมะเร็งเต้านม มีสาเหตุจากอะไร,,สาเหตุของโรคมะเร็งเต้านมมีหลายปัจจัย เช่น กรรมพันธุ์ อายุ มีประจำเดือนตอนอายุน้อย ๆ หรือหมดประจำเดือนช้ากว่าปกติ เป็นต้น
โรคมะเร็งปากมดลูก มีสาเหตุจากอะไร,,พฤติกรรมที่ทำให้เกิดโรคมะเร็งปากมดลูกมีสาเหตุหลักๆ คือ เปลี่ยนคู่นอนบ่อย ติดเชื้อจากการมีเพศสัมพันธ์  เป็นต้น
ภาวะไขมันพอกตับ คืออะไร,,เป็นภาวะที่มีการสะสมของไขมันซึ่งส่วนใหญ่อยู่ในรูปของ Triglyceride ในเซลล์ตับ เพราะมีปริมาณน้ำตาลส่วนเกินในร่างกายมากเกินความต้องการจนตับนำไปสร้างเป็นไขมัน
สาเหตุที่ทำให้เกิดไขมันพอกตับ มีอะไรบ้าง,,"- อ้วน น้ำหนักเกิน
- ดื่มแอลกอฮอล์เป็นประจำ
- ชอบกินของมัน ของหวาน หรือแป้งมากเกิน
- มีโรคประจำตัว เบาหวาน ไขมันในเลือดสูง ไวรัสตับอักเสบ"
โรคหลอดเลือดสมองและหัวใจ เกิดจากอะไร,,"เกิดจากการกินอาหารไขมันสูงมากเกินไป ไขมันจะไปเกาะอยู่ตามผนังหลอดเลือดต่างๆ ในร่างกาย ทำให้หลอดเลือดอุดตัน เลือดไม่สามารถไหลเวียนได้สะดวก 
เสี่ยงต่อการเกิดหัวใจล้มเหลวหรือหลอดเลือดสมองแตก ตีบ ตัน หรืออัมพฤกษ์ อัมพาตได้"
โรคมะเร็ง เกิดจากอะไร,,เกิดจากเซลล์ในร่างกายแตกตัวผิดปกติ เกิดเป็นเซลล์มะเร็งตามส่วนต่างๆ ของร่างกาย หากตรวจพบและได้รับการรักษาล่าช้า จะส่งผลให้ผู้ป่วยเสียชีวิตในที่สุด
โรคอ้วนลงพุง เกิดจากอะไร,,"เกิดจากมีพฤติกรรมการกินมากกว่าการเผาผลาญออก ไขมันส่วนเกินไปสะสมอยู่ในส่วนต่างๆ ของร่างกาย โดยเฉพาะในช่องท้อง เป็นสาเหตุให้เกิดโรคต่างๆ ตามมามากมาย 
เช่น ไขมันในเลือดสูง ความดันโลหิตสูง หลอดเลือดสมองแตก ไตวาย เป็นต้น"
ควรปรับพฤติกรรมอย่างไรบ้าง เพื่อป้องกันโรค NCDs,,"- ลด หรือเลี่ยงอาหารที่มีรสจัดมากเกินไป เช่น เค็มจัด หวานจัด มันจัด
- ลดอาหารประเภทปิ้งย่าง หรือ อาหารไขมันสูง พร้อมทั้งเพิ่มสัดส่วนของผัก ผลไม้ อย่างเพียงพอ
- ลด ละ เลิก การสูบบุหรี่ และการดื่มเครื่องดื่มแอลกอฮอล์
- ควบคุมน้ำหนักตัว หมั่นออกกำลังกายเป็นประจำ ตามความเหมาะสมของแต่ละบุคคล ผ่อนคลายความเครียด พักผ่อนให้เพียงพอ"
การลดความเสี่ยงของ NCDs คืออะไรบ้าง,,ดูแลสุขภาพตัวเอง ตรวจสุขภาพประจำปีอย่างสม่ำเสมอ
อธิบายความหมายของโรคเบาหวาน,,ภาวะที่น้ำตาลในเลือดสูงกว่าปกติอย่างควบคุมไม่ได้ ทำให้เกิดภาวะแทรกซ้อนตามมา เช่น ตาบอด ไตวาย แผลเรื้อรังที่เท้า
อธิบายความหมายของโรคหลอดเลือดหัวใจและสมอง,,"เกิดจากการเกาะของคราบไขมันภายในผนังหลอดเลือดส่งผลให้หลอดเลือดไปเลี้ยงหัวใจและสมองไม่เพียงพอ นำไปสู่โรคกล้ามเนื้อหัวใจขาดเลือด หัวใจวาย หลอดเลือดสมองตีบ 
หรือหลอดเลือดสมองแตก อัมพฤกษ์ อัมพาต"
อธิบายความหมายของโรคถุงลมโป่งพอง,,ถุงลมในปอดเกิดการอักเสบ จนทำให้การแลกเปลี่ยนก๊าซผิดปกติ มักเกิดจากการสูบบุหรี่
อธิบายความหมายของโรคความดันโลหิตสูง,,เป็นภาวะความดันเลือดภายในหลอดเลือดแดงสูงกว่าปกติ เกิดจากอายุที่มากขึ้น ขาดการออกกำลังกาย ทานอาหารรสเค็ม ทำให้หลอดเลือดแดงแข็งขึ้น แล้วเกิดภาวะหลอดเลือดตีบ
อธิบายความหมายของโรคอ้วนลงพุง,,"กิดจากระบบการเผาผลาญผิดปกติ รับประทานของหวาน ของมัน ของทอดมากเกินไป และขาดการออกกำลังกาย ส่งผลให้ไขมันสะสมบริเวณใต้ผิวหนังและในช่องท้อง ทำให้มีรอบเอวใหญ่ 
เสี่ยงต่อการเกิดภาวะแทรกซ้อน ใน เช่น โรคเบาหวาน โรคหัวใจ ความดันโลหิตสูง และนอนกรน"
พฤติกรรมอะไรบ้างเสี่ยงต่อโรค NCDs,,"- บริโภคอาหารรสหวานจัด เค็มจัด หรืออาหารที่มีไขมันสูง
- ดื่มเครื่องดื่มแอลกอฮอล์
- สูบบุหรี่
- ไม่ออกกำลังกาย
- พักผ่อนไม่เพียงพอ
- มีภาวะเครียด
- การรับประทานยาโดยไม่ปรึกษาแพทย์ เช่น ยาแก้ปวด ยาชุด ยาสมุนไพร ยาลูกกลอน"
อะไรคือความรุนแรงของโรค NCDs ,,"โรค NCDs เป็นปัญหาใหญ่ที่กำลังทวีความรุนแรงขึ้นเรื่อยๆ คนไทยป่วยด้วยโรค NCDs 14 ล้านคน เสียชีวิตมากกว่า 340,000 ราย/ปี หรือ 75% ของการเสียชีวิตในแต่ละปีของคนไทยทั้งหมด 
คิดเป็นเสียชีวิตเฉลี่ยชั่วโมงละ 37 คน และมีแนวโน้มการเสียชีวิตเพิ่มขึ้นในทุกๆ ปี ซึ่งส่วนใหญ่เสียชีวิตก่อนอายุ 60 ปี"
อ้วน-ผอม ประเมินอย่างไร,,การคำนวณค่าดัชนีมวลกาย จะทำให้เราทราบถึงรูปร่างและสัดส่วนว่าเป็นอย่างไร และหากมีค่าดัชนีมวลกายที่ไม่เหมาะสมก็จะมีความเสี่ยงต่อการเกิดโรคได้
ค่าดัชนีมวลกาย Body Mass Index คืออะไร,,ค่าดัชนีมวลกาย Body Mass Index หรือเรียกย่อ ๆ ว่า BMI คือ ตัวชี้วัดมาตรฐานเพื่อประเมินสภาวะของร่างกายว่า มีความสมดุลของน้ำหนักตัวต่อส่วนสูงอยู่ในเกณฑ์ที่เหมาะสมหรือไม่
ค่า BMI คำนวณจากอะไร,,ค่า BMI คำนวณจาก ค่าของน้ำหนักตัวหน่วยเป็นกิโลกรัม หารด้วยส่วนสูงหน่วยเป็นเมตร ยกกำลัง 2 และแสดงในหน่วย กก./ม2
ตัวอย่างการออกกำลังกายพื่อลด NCDs,,"เพิ่มการเคลื่อนไหวร่างกาย เช่นการขึ้นลงบันได แทนการใช้ลิฟต์ การออกกำลังกายเพื่อให้ได้ความแข็งแรงของหัวใจและหลอดเลือด คือการออกกำลังกายแบบแอโรบิกระดับปานกลาง 150 นาที 
ต่อสัปดาห์ หรืออย่างน้อย 30 นาที/วัน 5 วันต่อสัปดาห์ เช่น การเดิน การวิ่ง การปั่นจักรยาน"
วิธีการรักษาโรค NCDs,,"- สามารถรักษาให้หายได้ด้วยการปรับพฤติกรรมการใช้ชีวิต
- การทานยาตามอาการ เพื่อควบคุมโรค"
ตัวอย่างโรคกลุ่ม NCDs ประกอบไปด้วยอะไรบ้าง,,"ตัวอย่างของโรคในกลุ่ม NCDs ได้แก่ โรคเบาหวาน โรคความดันโลหิตสูง โรคไขมันในเลือดสูง โรคอ้วนและอ้วนลงพุง โรคถุงลมโป่งพองหรือโรคปอดอุดกั้นเรื้อรัง โรคหัวใจและหลอดเลือด 
โรคหรือปัญหาทางสุขภาพจิตบางประเภท รวมถึงโรคมะเร็ง"
สิ่งที่น่ากลัวของโรคในกลุ่ม NCDs คือ,,เราอาจจะเป็นโรคนี้อยู่โดยไม่รู้ตัวก็ได้ เนื่องจากโรคนี้มีการดำเนินโรคแบบค่อยเป็นค่อยไป เพิ่งทำให้มีอาการแสดงที่ไม่ชัดเจนนัก
NCDs มีความหมายว่าอย่างไร,,โรคไม่ติดต่อเรื้อรัง
โรคปอดอุดกั้นเรื้อรัง คืออะไร,,คือโรคที่มีหลอดลมตีบซึ่งไม่สามารถรักษาให้หายกลับเป็นปกติได้ (not fully reversible airway obstruction)
โรคปอดอุดกั้นเรื้อรัง มีกี่ชนิด อะไรบ้าง,,แบ่งเป็น 2 ชนิด ได้แก่ หลอดลมอักเสบเรื้อรัง (Chronic Bronchitis) และถุงลมปอดโป่งพอง (Emphysema)
อาหารที่แนะนำในผู้ป่วยปอดอุดกั้นเรื้อรัง,,"- เลือกอาหารอ่อน กินง่าย โดยไม่ต้องเคี้ยวมาก เช่น ซุป ไข่เจียว พาสต้า พายปลา โยเกิร์ต
- ดื่มสารน้ำที่มีพลังงาน เช่น นมหรือช็อกโกแลต
- เพิ่มสารอาหารโปรตีน
- เพิ่มอาหารที่ให้พลังงาน เช่น ครีม เนย มาการีน น้ำตาล แยม น้ำผึ้ง น้ำเชื่อม"
วิธีกินอาหารที่ช่วยให้การหายใจดีขึ้น,,"- กินอาหารที่ให้พลังงานสูงในตอนเช้า
- ควรกิน 6 มื้อเล็ก ๆ/วัน แทนการกิน 3 มื้อใหญ่/วัน เพื่อไม่ให้เหนื่อยง่ายขณะกินอาหาร รวมทั้งควรให้เสิร์ฟ อาหารหวานหลังกินอาหารหลักไปแล้ว 30-60 นาที
- เคี้ยวช้า ๆ เพื่อให้ละเอียดจะได้ไม่กลืนอากาศเข้าไปมากในขณะกลืน
- เลือกกินอาหารที่เคี้ยวง่าย
- จำกัดเกลือเพราะเกลือทำให้ร่างกายบวมน้ำและหายใจเหนื่อยขึ้น
- กินอาหารที่มีแคลเซียมและวิตามินดีเพื่อเสริมกระดูก
- เลี่ยงอาหารที่ผลิตแก๊สมาก เพราะจะทำให้ท้องตึงจนหายใจลำบาก เช่น บรอคโคลี่ กะหล่ำปลี ถั่ว ข้าวโพด แตงกวา แตงโม หัวหอม แอปเปิ้ลดิบ อาหารทอดน้ำอัดลม
- กินในท่านั่งเพื่อให้ปอดทำงานได้ดี
- ดื่มน้ำหลังกินอาหารเสร็จ โดยไม่ควรดื่มน้ำบ่อยระหว่างกินอาหารเพราะจะอิ่มเร็ว
- ดมออกซิเจนในขณะกินอาหาร เพราะการกินและย่อยอาหารล้วนต้องใช้ออกซิเจนทั้งสิ้น
- จำกัดการกินอาหารที่มีคาเฟอีน เพราะคาเฟอีนรบกวนการดูดซึมยาบางอย่าง และทำให้ใจสั่น
- พักผ่อนหลังกินอาหารเสร็จ"
การสูบบุหรี่ ก่อให้เกิดอะไรบ้าง,,การสูบบุหรี่จะเกิดการผลิตสารอนุมูลอิสระ (free radical) ออกมาทำให้เกิดการอักเสบและหลอดลมตีบ สารต้านอนุมูลอิสระจะช่วยลดการอักเสบที่เกิดจาก free radical ได้
ผู้สูบบุหรี่มากๆ มีผลเสียอย่างไร,,"ผู้ที่สูบบุหรี่บ่อยหรือมีอาการหอบกำเริบบ่อยมักมีระดับสารต้านอนุมูลอิสระในเลือดต่ำ เช่น ascorbic acid วิตามินอี เบต้าแคโรทีน ซีรีเนียม สำหรับการเสียสมดุลระหว่างสารอนุมูลอิสระและ
การต่อต้านสารอนุมูลอิสระจะทำให้เกิดการอักเสบในปอดและอาการหอบแย่ลงตามไปด้วย"
การได้รับสารต้านอนุมูลอิสระมากๆ ส่งผลอย่างไร,,การได้รับสารต้านอนุมูลอิสระจะทำให้การดำเนินของโรคช้าลง ปอดทำงานดีขึ้น และอาการหอบกำเริบน้อยลง
อาหารอะไรที่เป็นสาเหตุของโรคอ้วน,,"- ขนมกรุบกรอบ
- เครื่องดื่มรสหวาน
- อาหารที่มีแป้ง ไขมัน และน้ำตาล ในปริมาณมาก"
เกร็ดควรรู้ง่าย ๆ ห่างไกล ความอ้วนมีอะไรบ้าง,,"- หลีกเลี่ยงขนมกรุบกรอบ
- ออกกำลังกายอย่างน้อยวันละ 30 นาที
- เคลื่อนไหวร่างกายบ่อย ๆ
- ไม่เติมน้ำตาลเพิ่มในอาหาร
- หลีกเลี่ยงเครื่องดื่มรสหวานจัด
- หลีกเลี่ยงอาหารทอด"
สัญญาณเตือน โรคความดันโลหิตสูง มีอะไรบ้าง,,"- ปวดศีรษะ
- มึนงง
- วิงเวียน
- นอนไม่หลับ
- แน่นหน้าอก
- เหนื่อยง่าย"
ปัจจัยเสี่ยงที่ทำให้เกิดโรคความดันโลหิตสูง มีอะไรบ้าง,,"- บริโภคอาหารรสจัด เช่น เค็มจัด หวานจัด มันจัด
- ไขมันในเลือดสูง
- ภาวะเบาหวาน
- ขาดการออกกำลังกาย (มีความสัมพันธ์กับการเกิดโรค ร้อยละ 20)
- อ้วน (มีความสัมพันธ์กับการเกิดโรค ร้อยละ 30)
- เครียดเรื้อรัง
- สูบบุหรี่
- ดื่มสุรา หรือแอลกอฮอล์"
โรคแทรกซ้อนของโรคความดันโลหิตสูง มีอะไรบ้าง,,"- หลอดเลือดแดงแข็ง
- โรคหลอดเลือดสมอง
- โรคไตเรื้อรัง
- กล้ามเนื้อหัวใจวาย
- หัวใจโต
- โรคหัวใจเฉียบพลัน"
โรคเบาหวาน เกิดจากอะไร,,เกิดจากการบริโภคอาหารที่มีรสหวานมากเกินไป และมีความผิดปกติของกระบวนการเผาผลาญในร่างกาย
โรค/อาการแทรกซ้อนของเบาหวาน มีอะไรบ้าง,,"- ไตอักเสบ ไตเสื่อม
- ไตวาย อาจร้ายแรงถึงเสียชีวิต
- หลอดเลือดหัวใจตีบหรืออุดตัน
- หัวใจวาย
- ตาพร่ามัว
- ตาบอด
- หลอดเลือดสมองตีบ
- อัมพาต"
8 สัญญาณเตือนโรคเบาหวาน มีอะไรบ้าง,,"- ปัสสาวะบ่อย
- อ่อนเพลีย
- แผลหายช้า
- ดื่มน้ำบ่อย
- ตามัว
- น้ำหนักลด
- คันตามผิวหนัง
- ชาปลายมือปลายเท้า"
โรคไตเรื้อรัง เกิดกับใครได้บ้าง,,"โรคนี้เป็นได้ทุกเพศ ทุกวัย สาเหตุส่วนหนึ่งเกิดจากการบริโภคอาหารที่มีโซเดียมมากเกินไปและเป็นประจำ เมื่อเป็นแล้วอาจบานปลายถึงขั้นเสียชีวิต หรือต้องทรมานจากการล้างไต 
ฟอกไตเสียทั้งเงินและเวลา"
4 สัญญาณเตือนโรคไต มีอะไรบ้าง,,"- ปัสสาวะผิดปกติ
- บวมตามร่างกาย
- ความดันโลหิตสูง
- ปวดหลัง ปวดเอว"
ตัวอย่างนิสัยหรือพฤติกรรมการดำเนินชีวิตไม่เหมาะสม,,"- ดื่มเครื่องดื่มแอลกอฮอล์
- สูบบุหรี่
- บริโภคหวานมัน เค็มมากเกินพอดี
- ไม่ออกกำลังกาย
- นอนดึกมีความเครียดสูง"
ใน 1 วันไม่ควรบริโภคน้ำตาลเกินเท่าไหร่,,ใน 1 วันไม่ควรบริโภคน้ำตาลเกิน 65 กรัม
ประเภทของน้ำตาลมีอะไรบ้าง,,"น้ำตาลธรรมชาติ น้ำตาลจากแหล่งอื่น, น้ำตาลอิสระ"
แหล่งที่มาของน้ำตาลธรรมชาติมาจากไหน,,ผัก ผลไม้ นม
น้ำตาลธรรมชาติไม่ควรกินเกินเท่าไหร่,,41 กรัมต่อวัน
แหล่งที่มาของน้ำตาลอิสระมาจากไหน,,"น้ำตาลที่เติมลงไปในอาหาร, น้ำผึ้ง, น้ำเชื่อม, น้ำผลไม้, น้ำผลไม้ชนิดเข้มข้น"
น้ำตาลอิสระไม่ควรกินเกินเท่าไหร่,,24 กรัมต่อวัน
วิธีการบริโภคน้ำตาลอย่างปลอดภัย,,"ทั้งนี้ เพื่อไม่ให้มีการเติมน้ำตาลในอาหารเพิ่มจนเกินพอดี องค์การอนามัยโลก (WHO) จึงได้แนะนำให้บริโภคน้ำตาลอิสระ (Free Sugar) ซึ่งหมายถึง น้ำตาลที่มีการเติมเพิ่มลงไปในอาหาร 
รวมถึงน้ำผึ้งน้ำเชื่อม น้ำผลไม้ และน้ำผลไม้ชนิดเข้มข้น ไม่ควรเกิน 24 กรัมต่อวัน หรือประมาณ 6 ช้อนชา"
ใน 1 วันไม่ควรบริโภคไขมันเกินเท่าไหร่,,ใน 1 วัน ไม่ควรบริโภคไขมันเกิน 65 กรัม
สารอาหารไขมันอยู่ที่ไหน,,ปริมาณนี้จะรวมไขมันที่ได้รับจากอาหารทั้งหมดใน 1 วัน เช่น ไขมันที่อยู่ในเนื้อสัตว์ต่าง ๆ น้ำมันปรุงประกอบอาหาร ฯลฯ
ปริมาณไขมันที่ควรบริโภคต่อวัน,,โดยปริมาณที่แนะนำต่อวันนี้ มีข้อแนะนำให้บริโภคน้ำมันไม่ควรเกิน 6 ช้อนชาต่อวัน
วิธีการเลือกน้ำมันให้เหมาะสมกับวิธีปรุงประกอบอาหาร,,"- ทอดอาหารแบบน้ำมันท่วม หรือทอดอาหาร โดยใช้ไฟแรงและใช้ระยะเวลานาน ควรใช้น้ำมันปาล์มโอเลอิน
- การผัดอาหาร สามารถใช้น้ำมันพืช ได้แก่ น้ำมันถั่วเหลือง น้ำมันข้าวโพด น้ำมันดอกคำฝอย น้ำมันเมล็ดดอกทานตะวัน น้ำมันรำข้าว น้ำมันมะกอก น้ำมันงา"
ตัวอย่างน้ำมันพืชมีอะไรบ้าง,,"น้ำมันถั่วเหลือง, น้ำมันข้าวโพด, น้ำมันดอกคำฝอย, น้ำมันเมล็ดดอกทานตะวัน, น้ำมันรำข้าว, น้ำมันมะกอก, น้ำมันงา"
ใน 1 วันไม่ควรบริโภคโซเดียมเกินเท่าไหร่,,"ใน 1 วันไม่ควรบริโภคโซเดียมเกิน 2,400 มิลลิกรัม"
โซเดียมในอาหาร แฝงตัวอยู่ที่ไหนบ้าง,,"1. อาหารกึ่งสำเร็จรูป, 2. อาหารแปรรูปและอาหารหมักดอง, 3. ผงชูรส, 4. เครื่องปรุงรส/เครื่องแกงสำเร็จรูปต่าง ๆ, 5. ขนมกรุบกรอบ/ขนมที่ใส่ผงฟู, 6. เครื่องดื่มบางประเภท"
เกลือ 1 ช้อนชา มีโซเดียมอยู่เท่าไหร่,,"2,000 มิลลิกรัม"
ผงปรุงรส 1 ช้อนชา มีโซเดียมอยู่เท่าไหร่,,815 มิลลิกรัม
น้ำปลา 1 ช้อนชา มีโซเดียมอยู่เท่าไหร่,,500 มิลลิกรัม
ซีอิ๊ว 1 ช้อนกินข้าว มีโซเดียมอยู่เท่าไหร่,,"1,190 มิลลิกรัม"
ซอสถั่วเหลือง 1 ช้อนกินข้าว มีโซเดียมอยู่เท่าไหร่,,"1,187 มิลลิกรัม"
ซอสหอยนางรม 1 ช้อนกินข้าว มีโซเดียมอยู่เท่าไหร่,,518 มิลลิกรัม
น้ำจิ้มไก่ 1 ช้อนกินข้าว มีโซเดียมอยู่เท่าไหร่,,385 มิลลิกรัม
ซอสพริก 1 ช้อนกินข้าว มีโซเดียมอยู่เท่าไหร่,,231 มิลลิกรัม
ซุปก้อน 1 ช้อนกินข้าว มีโซเดียมอยู่เท่าไหร่,,"1,760 มิลลิกรัม"
หลีกเลี่ยงโซเดียมอย่างไรให้ห่างไกลโรค,,"- การบริโภคอาหารที่มีโซเดียมสูง เช่น ขนมกรุบกรอบ บะหมี่กึ่งสำเร็จรูป, โจ๊กกึ่งสำเร็จรูป
- การเติมเครื่องปรุงรสเพิ่มในอาหาร เช่น เกลือ, ผงชูรส, น้ำปลา, ซีอิ๊ว, ผงปรุงรส
- การใช้น้ำจิ้มหรืออาหารที่ใส่เครื่องแกงต่างๆ
- การบริโภคผลิตภัณฑ์อาหารที่ผ่านการแปรรูป เช่น ไส้กรอก, แฮม, หมูยอ, กุนเชียง, ผัก-ผลไม้ดอง"
ฉลาก หวาน มัน เค็ม คืออะไร,,จึงได้มีการพัฒนาต่อยอดฉลากโภชนาการให้อ่านและเข้าใจง่าย โดยการดึงค่าพลังงาน น้ำตาล ไขมันและโซเดียม ต่อหนึ่งหน่วยบรรจุภัณฑ์
ทางเลือกง่าย ๆ ห่างไกลโรค NCDs,,"- เลือกบริโภคอาหารให้เหมาะสม โดยบริโภคให้หลากหลายและในปริมาณที่พอเหมาะ
- ออกกําลังกายอย่างสม่ำเสมอ อย่างน้อยวันละ 30 นาที
- ผ่อนคลายความเครียด
- พักผ่อนให้เพียงพอ
- ตรวจสุขภาพประจําปี อย่างสม่ำเสมอ"
วิธีการป้องกัน NCDs ให้กับเยาวชน,,"1. ต้องระวังการบริโภคอาหารหวาน มัน เค็ม
2.  การบริโภคขนมขบเคี้ยว หรืออาหารที่ให้พลังงานสูงมากเกินไป คือหนึ่งในสาเหตุสำคัญของการเกิดโรคอ้วนในเยาวชน
3. สอนวิธีการอ่านฉลากหวาน มัน เค็ม (ฉลาก GDA) เพื่อให้เยาวชนอ่านเป็น
4. หลีกเลี่ยงการบริโภคอาหารที่ไม่ปลอดภัย โดยก่อนซื้อและก่อนบริโภคควรสังเกตอาหาร และใส่ใจอ่านฉลาก"
ไขมันช่วยในการดูดซึม ของวิตามิน  เอ ,,"ถูดต้อง ไขมันช่วยในการดูดซึม ของวิตามิน  เอ, ดี, อี,เค"
ไขมันช่วยในการดูดซึม ของวิตามิน  ดี,,"ถูดต้อง ไขมันช่วยในการดูดซึม ของวิตามิน  เอ, ดี, อี,เค"
ไขมันช่วยในการดูดซึม ของวิตามิน  อี,,"ถูดต้อง ไขมันช่วยในการดูดซึม ของวิตามิน  เอ, ดี, อี,เค"
ไขมันช่วยในการดูดซึม ของวิตามิน  เค,,"ถูดต้อง ไขมันช่วยในการดูดซึม ของวิตามิน  เอ, ดี, อี,เค"
ไขมันช่วยในการดูดซึม ของวิตามิน  บี,,"ผิด ไม่ถูกต้อง ไขมันช่วยในการดูดซึม ของวิตามิน  เอ, ดี, อี,เค"
ไขมันช่วยในการดูดซึม ของวิตามิน  ซี,,"ผิด  ไม่ถูกต้อง ไขมันช่วยในการดูดซึม ของวิตามิน  เอ, ดี, อี,เค"
กรดไขมันอิ่มตัว จะเพิ่มระดับคอเลสเตอรอลในเลือด,,ถูกต้อง
น้ํามันมะพร้าวเป็นน้ํามันพืชไม่มีคอเลสเตอรอล,,ถูกต้อง
น้ํามันมะพร้าวมีกรกดไขมันอิ่มตัวสูง,,ถูกต้อง
น้ำมันหมูเป็นที่มีกรดไขมันอิ่มตัวมากกว่าน้ำมันพืชทั่วไป,,ถูกต้อง
น้ำมันปาล์ม มีกรดไขมันมากกว่าน้ำมันหมู,,ถูกต้อง
น้ำมันมะพร้าว มีกรดไขมันมากกว่าน้ำมันหมู,,ถูกต้อง
น้ำมันหมูมีคอเลสเตอรอลเป็นองค์ประกอบอยู่ด้วย,,ถูกต้อง
ไขมันทรานส์ เกิดจากการเติม ไฮโดรเจน ลงไปในนํ้ามันที่มี กรดไขมันไม่อิ่มตัวสูง,,ถูกต้อง
ไขมันทรานส์ทําให้ระดับคอเลสเตอรอลรวม เพิ่มขึ้น ,,ถูกต้อง
ไขมันทรานส์ทําให้ระดับคอเลสเตอรอลชนิดไม่ดี เพิ่มชี้น,,ถูกต้อง
ไขมันช่วยในการดูดซึม ของวิตามิน  เอ ถูกต้องหรือไม่,,"ถูดต้อง ไขมันช่วยในการดูดซึม ของวิตามิน  เอ, ดี, อี,เค"
ไขมันช่วยในการดูดซึม ของวิตามิน  ดี ถูกต้องหรือไม่,,"ถูดต้อง ไขมันช่วยในการดูดซึม ของวิตามิน  เอ, ดี, อี,เค"
ไขมันช่วยในการดูดซึม ของวิตามิน  อี ถูกต้องหรือไม่,,"ถูดต้อง ไขมันช่วยในการดูดซึม ของวิตามิน  เอ, ดี, อี,เค"
ไขมันช่วยในการดูดซึม ของวิตามิน  เค ถูกต้องหรือไม่,,"ถูดต้อง ไขมันช่วยในการดูดซึม ของวิตามิน  เอ, ดี, อี,เค"
ไขมันช่วยในการดูดซึม ของวิตามิน  บี ถูกต้องหรือไม่,,"ผิด ไม่ถูกต้อง ไขมันช่วยในการดูดซึม ของวิตามิน  เอ, ดี, อี,เค"
ไขมันช่วยในการดูดซึม ของวิตามิน  ซี ถูกต้องหรือไม่,,"ผิด ไม่ถูกต้อง ไขมันช่วยในการดูดซึม ของวิตามิน  เอ, ดี, อี,เค"
กรดไขมันอิ่มตัว จะเพิ่มระดับคอเลสเตอรอลในเลือด ถูกต้องหรือไม่,,ถูกต้อง
น้ํามันมะพร้าวเป็นน้ํามันพืชไม่มีคอเลสเตอรอล ถูกต้องหรือไม่,,ถูกต้อง
น้ํามันมะพร้าวมีกรกดไขมันอิ่มตัวสูง ถูกต้องหรือไม่,,ถูกต้อง
น้ำมันหมูเป็นที่มีกรดไขมันอิ่มตัวมากกว่าน้ำมันพืชทั่วไป ถูกต้องหรือไม่,,ถูกต้อง
น้ำมันปาล์ม มีกรดไขมันมากกว่าน้ำมันหมู ถูกต้องหรือไม่,,ถูกต้อง
น้ำมันมะพร้าว มีกรดไขมันมากกว่าน้ำมันหมู ถูกต้องหรือไม่,,ถูกต้อง
น้ำมันหมูมีคอเลสเตอรอลเป็นองค์ประกอบอยู่ด้วย ถูกต้องหรือไม่,,ถูกต้อง
ไขมันทรานส์ เกิดจากการเติม ไฮโดรเจน ลงไปในนํ้ามันที่มี กรดไขมันไม่อิ่มตัวสูง ถูกต้องหรือไม่,,ถูกต้อง
ไขมันทรานส์ทําให้ระดับคอเลสเตอรอลรวม เพิ่มขึ้น ถูกต้องหรือไม่,,ถูกต้อง
ไขมันทรานส์ทําให้ระดับคอเลสเตอรอลชนิดไม่ดี เพิ่มชี้น ถูกต้องหรือไม่,,ถูกต้อง
อาหารที่พบไขมันทรานส์คือ โดนัดทอด ,,ถูกต้อง
อาหารที่พบไขมันทรานส์คือ โดนัดทอด ใช่ หรือ ไม่ ,,ถูกต้อง
อาหารที่พบไขมันทรานส์คือ โดนัดทอด จริง หรือ ไม่,,ถูกต้อง
อาหารที่พบไขมันทรานส์คือ โดนัดทอด ถูกต้องหรือไม่,,ถูกต้อง
ฉลากโภชนาการเขียนว่าไขมันทรานส์ 0% ปลอดภัยจริงไหม,,ผิด ไม่ถูกต้อง อาหารท่ีมีไขมันทรานส์น้อยกว่า 0.5 กรัมต่อหน่วยบริโภค สามารถแสดงค่า เปน็น 0 ได้ ดังนั้นจะทำให้ประชาชนเข้าใจผิดคิดอาหารนนั้นไม่มีไขมันทรานส์
ฉลากโภชนาการเขียนว่าไขมันทรานส์ 0% ปลอดภัยจริง,,ผิด ไม่ถูกต้อง อาหารท่ีมีไขมันทรานส์น้อยกว่า 0.5 กรัมต่อหน่วยบริโภค สามารถแสดงค่า เปน็น 0 ได้ ดังนั้นจะทำให้ประชาชนเข้าใจผิดคิดอาหารนนั้นไม่มีไขมันทรานส์
ฉลากโภชนาการเขียนว่าไขมันทรานส์ 0% ปลอดภัยจริง นั้นถูกต้อง,,ผิด ไม่ถูกต้อง อาหารท่ีมีไขมันทรานส์น้อยกว่า 0.5 กรัมต่อหน่วยบริโภค สามารถแสดงค่า เปน็น 0 ได้ ดังนั้นจะทำให้ประชาชนเข้าใจผิดคิดอาหารนนั้นไม่มีไขมันทรานส์
น้ํามันพืชมีไขมันทรานส์,,ถูกต้อง
ควรกินไขมันทรานส์เกินวันละ 2 กรัม ถูกต้องหรือไม่,,ผิด ไม่ถูกต้อง 
น้ํามันพืชมีไม่มีไขมันทรานส์,,ผิด ไม่ถูกต้อง 
ไม่ควรกินไขมันทรานส์เกินวันละ 2 กรัม ถูกต้องหรือไม่,,ถูกต้อง
ไม่ควรกินไขมันทรานส์เกินวันละ 2 กรัม ใช่,,ถูกต้อง ใช่
ไข่ไก่ 1 ฟอง ให้พลังงานประมาณ 80 กิโลแคลอรี ใช่ หรือ ไม่,,ถูกต้อง
ไข่เป็ด 1 ฟอง ให้พลังงานประมาณ 110 กิโลแคลอรี ใช่ หรือ ไม่,,ใช่ ถูกต้อง
ไข่ไก่ ให้พลังงานมากกว่า ไข่เป็ด,,ผิด ไม่ถูกต้อง ไข่เป็ด ให้พลังงานมากกว่า ไข่ไก่ โดยเฉลี่ย
ไข่ไก่ ให้พลังงานมากกว่า ไข่เป็ด ใช่หรือ ไม่,,ผิด ไม่ถูกต้อง ไข่เป็ด ให้พลังงานมากกว่า ไข่ไก่ โดยเฉลี่ย
ไข่ไก่ ให้พลังงานมากกว่า ไข่เป็ด ถูกต้องหรือ ไม่ถูกต้อง,,ผิด ไม่ถูกต้อง ไข่เป็ด ให้พลังงานมากกว่า ไข่ไก่ โดยเฉลี่ย
ไข่เป็ด ให้พลังงานมากกว่า ไข่ไก่ ,,ถูกต้อง ไข่เป็ด ให้พลังงานมากกว่า ไข่ไก่ โดยเฉลี่ย
ไข่เป็ด ให้พลังงานมากกว่า ไข่ไก่ ใช่หรือ ไม่,,ถูกต้อง ไข่เป็ด ให้พลังงานมากกว่า ไข่ไก่ โดยเฉลี่ย
ไข่เป็ด ให้พลังงานมากกว่า ไข่ไก่ถูกต้องหรือ ไม่ถูกต้อง,,ถูกต้อง ไข่เป็ด ให้พลังงานมากกว่า ไข่ไก่ โดยเฉลี่ย
ไข่เป็นอาหารที่แนะนําให้ใช้เลี้ยงทารกต้ังแต่อายุ 6เดือนขึ้นไป,,ถูกต้อง
ไข่เป็นอาหารที่แนะนําให้ใช้เลี้ยงทารกต้ังแต่อายุ 6เดือนขึ้นไป ใช่หรือ ไม่,,ใช่ ถูกต้อง
ไข่เป็นอาหารที่แนะนําให้ใช้เลี้ยงทารกต้ังแต่อายุ 6เดือนขึ้นไป ถูกต้อง หรือ ไม่,,ถูกต้อง
เด็กอายุ 1-5 ปี เด็กวัยเรียนและวัยรุ่น กินไข่วันละ 1 ฟอง ใช่ หรือ  ไม่,,ถูกต้อง
"วัยทาํงานและผู้สูงอายุที่มีสุขภาพดีไม่มีปัญหาไขมันในเลือดสูงสามารถกินไข่
ได้วันละ1 ฟอง",,ถูกต้อง
"วัยทาํงานและผู้สูงอายุที่มีสุขภาพดีไม่มีปัญหาไขมันในเลือดสูงสามารถกินไข่
ได้วันละ1 ฟอง ใช่หรือ ไม่",,ถูกต้อง
"วัยทาํงานและผู้สูงอายุที่มีสุขภาพดีไม่มีปัญหาไขมันในเลือดสูงสามารถกินไข่
ได้วันละ 10 ฟอง ใช่หรือ ไม่",,ผิด ไม่ถูกต้อง 
"วัยทาํงานและผู้สูงอายุที่มีสุขภาพดีไม่มีปัญหาไขมันในเลือดสูงสามารถกินไข่
ได้วันละ 8 ฟอง ใช่หรือ ไม่",,ผิด ไม่ถูกต้อง 
กินไข่ทําให้คอเลสตอรอลสูงหรือไม่,,ผิด ไม่ถูกต้อง 
กินไข่ดิบมีประโยชน์หรือไม่,,ไม่ เพราะ ไข่ดิบจะปนเปื้อนเชื้อจุลินทรีย์
กินไข่ขาวช่วยเพิ่มกล้ามเนื้อจริงหรือ ไม่,,ถูกต้อง ไข่ขาวมีโปรตีนสูง
กินน้ําตาลมากเกินไปจะเกิดปัญหาไขมันไตรกลีเซอไรด์ในเลือดสูง ถูกต้องหรือไม่,,ถูกต้อง
ไม่ควรกินนํ้าตาล เกิน 6 ช้อนชาต่อ วัน จริงหรือไม่,,จริง
ไม่ควรกินนํ้าตาล เกิน 10 ช้อนชาต่อ วัน จริงหรือไม่,,ผิด ไม่ จริง
หญิงตั้งครรภ์ควรรับประทานอาหารเสริมด้วยตนเอง ถูกต้องหรือไม่,,ผิด ไม่ถูกต้อง 
โรคไตเรื้อรังเป็นภาวะที่เนื้อไตถูกทำลายอย่างถาวร ,,ถูกต้อง
โรคไตเรื้อรังเป็นภาวะที่เนื้อไตถูกทำลายอย่างถาวร ใช่ หรือ ไม่,,ถูกต้อง
โรคไตเรื้อรังเป็นภาวะที่เนื้อไตถูกทำลายอย่างถาวร ถูกต้อง หรือ ไม่,,ถูกต้อง
สาเหตุสำคัญที่ทำให้ไต ถูก ทำลาย คือ โรคเบาหวาน ,,ถูกต้อง
สาเหตุสำคัญที่ทำให้ไต ถูก ทำลาย คือ โรคเบาหวาน ใช่ หรือ ไม่,,ถูกต้อง
สาเหตุสำคัญที่ทำให้ไต ถูก ทำลาย คือ โรคเบาหวาน ถูกต้อง หรือ ไม่,,ถูกต้อง
โรคไตวายระยะสุดท้าย การทำงานของไต < 15 (มิลลิลิตร/นาที/1.73 ตารางเมตร),,ถูกต้อง
โรคไตวายระยะสุดท้าย การทำงานของไต < 15 (มิลลิลิตร/นาที/1.73 ตารางเมตร) ใช่ หรือ ไม่,,ถูกต้อง
โรคไตวายระยะสุดท้าย การทำงานของไต < 15 (มิลลิลิตร/นาที/1.73 ตารางเมตร) ถูกต้อง หรือ ไม่,,ถูกต้อง
โรคไตวายระยะสุดท้าย การทำงานของไต > 15 (มิลลิลิตร/นาที/1.73 ตารางเมตร),,ผิด ไม่ถูกต้อง 
โรคไตวายระยะสุดท้าย การทำงานของไต > 15 (มิลลิลิตร/นาที/1.73 ตารางเมตร) ใช่ หรือ ไม่,,ผิด ไม่ถูกต้อง 
โรคไตวายระยะสุดท้าย การทำงานของไต > 15 (มิลลิลิตร/นาที/1.73 ตารางเมตร) ถูกต้อง หรือ ไม่,,ผิด ไม่ถูกต้อง 
คนท่ีมีภาวะไตเรื้อรังควรกินอาหารข้าวแป้ง (คาร์โบไฮเดรต) ที่มีโปรตีนมาก,,ผิด ไม่ถูกต้อง 
คนท่ีมีภาวะไตเรื้อรังควรกินอาหารข้าวแป้ง (คาร์โบไฮเดรต) ที่มีโปรตีนมาก ใช่ หรือ ไม่,,ผิด ไม่ถูกต้อง 
คนท่ีมีภาวะไตเรื้อรังควรกินอาหารข้าวแป้ง (คาร์โบไฮเดรต) ที่มีโปรตีนมาก ถูกต้อง หรือ ไม่,,ผิด ไม่ถูกต้อง 
คนที่มีภาวะไตเร้ือรังต้องจำกัดอาหารเน้ือสัตว์ (โปรตีน) ,,ถูกต้อง
คนที่มีภาวะไตเร้ือรังต้องจำกัดอาหารเน้ือสัตว์ (โปรตีน)  ใช่ หรือ ไม่,,ใช่ ถูกต้อง
คนที่มีภาวะไตเร้ือรังต้องจำกัดอาหารเน้ือสัตว์ (โปรตีน)  ถูกต้อง หรือ ไม่,,ถูกต้อง
ไข่ขาว และอาหาร จาพวกเน้ือสัตว์ เช่น เน้ือปลา เน้ือไก่ เน้ือหมู เนื้อวัว เป็น โปรตีนท่ีมีคุณภาพดี,,ถูกต้อง
ไข่ขาว และอาหาร จาพวกเน้ือสัตว์ เช่น เน้ือปลา เน้ือไก่ เน้ือหมู เนื้อวัว เป็น โปรตีนท่ีมีคุณภาพดี ใช่หรือ ไม่,,ใช่ ถูกต้อง
ไข่ขาว และอาหาร จาพวกเน้ือสัตว์ เช่น เน้ือปลา เน้ือไก่ เน้ือหมู เนื้อวัว เป็น โปรตีนท่ีมีคุณภาพดี ถูกต้องหรือ ไม่,,ถูกต้อง
อาหาร จำพวกท่ีไม่ใช่เนื้อสัตว์ เช่น ถั่ว ธัญพืช เต้าหู้ โปรตีนเกษตร โปรตีนท่ีมีคุณภาพต่ำ,,ถูกต้อง
อาหาร จำพวกท่ีไม่ใช่เนื้อสัตว์ เช่น ถั่ว ธัญพืช เต้าหู้ โปรตีนเกษตร โปรตีนท่ีมีคุณภาพต่ำ ใช่หรือ ไม่,,ใช่ ถูกต้อง
อาหาร จำพวกท่ีไม่ใช่เนื้อสัตว์ เช่น ถั่ว ธัญพืช เต้าหู้ โปรตีนเกษตร โปรตีนท่ีมีคุณภาพต่ำ ถูกต้องหรือ ไม่,,ถูกต้อง
ปลา โปรตีนท่ีมีคุณภาพต่ำ,,ผิด ไม่ถูกต้อง 
ปลา โปรตีนท่ีมีคุณภาพต่ำ ใช่หรือ ไม่,,ผิด ไม่ถูกต้อง 
ปลา โปรตีนท่ีมีคุณภาพต่ำ ถูกต้องหรือ ไม่,,ผิด ไม่ถูกต้อง 
คนที่มีภาวะไตเร้ือรังควรระวัง ไม่กินฟอสฟอรัสมาก ,,ถูกต้อง
คนที่มีภาวะไตเร้ือรังควรระวัง ไม่กินฟอสฟอรัสมาก ใช่หรือ ไม่,,ถูกต้อง
คนที่มีภาวะไตเร้ือรังควรระวัง ไม่กินฟอสฟอรัสมาก ถูกต้อง หรือ ไม่,,ถูกต้อง
อาหารที่มีฟอสฟอรัสสูงที่ควรหลีกเลี่ยงได้ นม ถั่ว และ ไข่แดง,,ถูกต้อง
อาหารที่มีฟอสฟอรัสสูงที่ควรหลีกเลี่ยงได้ นม ถั่ว และ ไข่แดง ใช่ หรือ ไม่,,ถูกต้อง
อาหารที่มีฟอสฟอรัสสูงที่ควรหลีกเลี่ยงได้ นม ถั่ว และ ไข่แดง ถูกต้อง หรือ ไม่,,ถูกต้อง
คนท่ีมีภาวะไตเรื้อรังควรระวัง ไม่กินพิวรีนมาก,,ถูกต้อง
คนท่ีมีภาวะไตเรื้อรังควรระวัง ไม่กินพิวรีนมาก ใช่หรือ ไม่,,ถูกต้อง
คนท่ีมีภาวะไตเรื้อรังควรระวัง ไม่กินพิวรีนมาก ถูกต้อง หรือ ไม่,,ถูกต้อง
ไม่สูบบุหรี่เพราะการสูบบุหรี่ทำให้ไตเสื่อมเร็วขึ้น,,ถูกต้อง
ไม่สูบบุหรี่เพราะการสูบบุหรี่ทำให้ไตเสื่อมเร็วขึ้น ใช่หรือ ไม่,,ถูกต้อง
ไม่สูบบุหรี่เพราะการสูบบุหรี่ทำให้ไตเสื่อมเร็วขึ้น ถูกต้อง หรือ ไม่,,ถูกต้อง
การออกกำลังกายทำให้ขับเหงื่อ คือ น้ำและของเสีย จะช่วยถนอมการทำงานของไต,,ถูกต้อง
การออกกำลังกายทำให้ขับเหงื่อ คือ น้ำและของเสีย จะช่วยถนอมการทำงานของไต ใช่หรือ ไม่,,ถูกต้อง
การออกกำลังกายทำให้ขับเหงื่อ คือ น้ำและของเสีย จะช่วยถนอมการทำงานของไต ถูกต้อง หรือ ไม่,,ถูกต้อง
แต่การออกกำลังกายสามารถขับของเสียออกจากร่างกายได้,,ผิด ไม่ถูกต้อง 
แต่การออกกำลังกายสามารถขับของเสียออกจากร่างกายได้ ใช่หรือ ไม่,,ผิด ไม่ถูกต้อง 
แต่การออกกำลังกายสามารถขับของเสียออกจากร่างกายได้ ถูกต้อง หรือ ไม่,,ผิด ไม่ถูกต้อง 
อาการที่บ่งชี้ถึงระยะคอเลสเทอรอลในเลือดสูง คือ การเกิดเป็นปื้นที่ผิวหนัง ,,ถูกต้อง
อาการที่บ่งชี้ถึงระยะคอเลสเทอรอลในเลือดสูง คือ การเกิดเป็นปื้นที่ผิวหนัง ใช่หรือ ไม่,,ถูกต้อง
อาการที่บ่งชี้ถึงระยะคอเลสเทอรอลในเลือดสูง คือ การเกิดเป็นปื้นที่ผิวหนัง ถูกต้อง หรือ ไม่,,ถูกต้อง
ผู้ที่มีภาวะไขมันในเลือดสูงควรบบริโภคคอเลสเทอรอล ไม่เกิน 200 มิลลิกรัมต่อวัน ถูกต้อง หรือ ไม่,,ถูกต้อง
คนปกติทั่วไปควรบริโภคคอเลสเทอรอลไม่เกิน 300 มิลลิกรัมต่อวัน,,ถูกต้อง
คนปกติทั่วไปควรบริโภคคอเลสเทอรอลไม่เกิน 300 มิลลิกรัมต่อวัน ใช่หรือ ไม่,,ถูกต้อง
คนปกติทั่วไปควรบริโภคคอเลสเทอรอลไม่เกิน 300 มิลลิกรัมต่อวัน ถูกต้อง หรือ ไม่,,ถูกต้อง
คนปกติทั่วไปควรบริโภคคอเลสเทอรอลไม่น้อยกว่า 300 มิลลิกรัมต่อวัน,,ผิด ไม่ถูกต้อง 
คนปกติทั่วไปควรบริโภคคอเลสเทอรอลไม่น้อยกว่า 300 มิลลิกรัมต่อวัน ใช่หรือ ไม่,,ผิด ไม่ถูกต้อง 
คนปกติทั่วไปควรบริโภคคอเลสเทอรอลไม่น้อยกว่า 300 มิลลิกรัมต่อวัน ถูกต้อง หรือไม่,,ผิด ไม่ถูกต้อง 
การดื่มเหล้าหรือเครื่องดื่มท่ีมีแอลกอฮอล์จะทำให้ร่างกายได้รับพลังงานเกินความต้องการ,,ถูกต้อง
การดื่มเหล้าหรือเครื่องดื่มท่ีมีแอลกอฮอล์จะทำให้ร่างกายได้รับพลังงานเกินความต้องการ ใช่หรือ ไม่,,ถูกต้อง
การดื่มเหล้าหรือเครื่องดื่มท่ีมีแอลกอฮอล์จะทำให้ร่างกายได้รับพลังงานเกินความต้องการ ถูกต้อง หรือไม่,,ถูกต้อง
การดื่มเหล้าหรือเครื่องดื่มแอลกอฮอล์จะกระตุ้น ตับให้ผลิตไตรกลีเซอไรด์มากขึ้น,,ถูกต้อง
การดื่มเหล้าหรือเครื่องดื่มแอลกอฮอล์จะกระตุ้น ตับให้ผลิตไตรกลีเซอไรด์มากขึ้น ใช่หรือ ไม่,,ถูกต้อง
การดื่มเหล้าหรือเครื่องดื่มแอลกอฮอล์จะกระตุ้น ตับให้ผลิตไตรกลีเซอไรด์มากขึ้น ถูกต้อง หรือไม่,,ถูกต้อง
การดื่มเหล้าหรือเครื่องดื่มแอลกอฮอล์จะกระตุ้น ตับให้ผลิตไตรกลีเซอไรด์ลดลง,,ผิด ไม่ถูกต้อง 
การดื่มเหล้าหรือเครื่องดื่มแอลกอฮอล์จะกระตุ้น ตับให้ผลิตไตรกลีเซอไรด์ลดลง ใช่หรือ ไม่,,ผิด ไม่ถูกต้อง 
การดื่มเหล้าหรือเครื่องดื่มแอลกอฮอล์จะกระตุ้น ตับให้ผลิตไตรกลีเซอไรด์ลดลง ถูกต้อง หรือไม่,,ผิด ไม่ถูกต้อง 
อาหารที่ควรหลีกเลี้ยง คืออาหารที่มีไขมันแฝงอยู่มาก ได้แก่ อาหารทอด เช่น ไก่ทอด ไข่เจียว ,,ถูกต้อง
อาหารที่ควรหลีกเลี้ยง คืออาหารที่มีไขมันแฝงอยู่มาก ได้แก่ อาหารทอด เช่น ไก่ทอด ไข่เจียว ใช่หรือ ไม่,,ถูกต้อง
อาหารที่ควรหลีกเลี้ยง คืออาหารที่มีไขมันแฝงอยู่มาก ได้แก่ อาหารทอด เช่น ไก่ทอด ไข่เจียว ถูกต้อง หรือ ไม่,,ถูกต้อง
อาหารที่ควรหลีกเลี่ยง ขนมหวานที่มีส่วนประกอบของน้ำตาลและกะทิ ,,ถูกต้อง
อาหารที่ควรหลีกเลี่ยง ขนมหวานที่มีส่วนประกอบของน้ำตาลและกะทิ ใช่หรือ ไม่,,ถูกต้อง
อาหารที่ควรหลีกเลี่ยง ขนมหวานที่มีส่วนประกอบของน้ำตาลและกะทิ ถูกต้อง หรือ ไม่,,ถูกต้อง
อาหารที่ควรหลีกเลี่ยง ไขมันที่ได้จากสัตว์ เช่น เน้ือสัตว์ติดมัน หนังเป็ด หนังไก่ ไข่แดง แฮม เบคอน,,ถูกต้อง
อาหารที่ควรหลีกเลี่ยง ไขมันที่ได้จากสัตว์ เช่น เน้ือสัตว์ติดมัน หนังเป็ด หนังไก่ ไข่แดง แฮม เบคอน ใช่หรือ ไม่,,ถูกต้อง
อาหารที่ควรหลีกเลี่ยง ไขมันที่ได้จากสัตว์ เช่น เน้ือสัตว์ติดมัน หนังเป็ด หนังไก่ ไข่แดง แฮม เบคอน ถูกต้อง หรือ ไม่,,ถูกต้อง
อาหารที่ควรหลีกเลี่ยง อาหารที่มีไขมันที่มองไม่เห็น ได้แก่ นม ไข่แดง กะทิ ไส้กรอก,,ถูกต้อง
อาหารที่ควรหลีกเลี่ยง อาหารที่มีไขมันที่มองไม่เห็น ได้แก่ นม ไข่แดง กะทิ ไส้กรอก ใช่หรือ ไม่,,ถูกต้อง
อาหารที่ควรหลีกเลี่ยง อาหารที่มีไขมันที่มองไม่เห็น ได้แก่ นม ไข่แดง กะทิ ไส้กรอก ถูกต้อง หรือ ไม่,,ถูกต้อง
โรคความดันโลหิตสูง ควร ลดการรับประทานอาหารรสเค็มจัด หรืออาหารที่มีโซเดียมสูง,,ถูกต้อง
โรคความดันโลหิตสูง ควร ลดการรับประทานอาหารรสเค็มจัด หรืออาหารที่มีโซเดียมสูง ใช่ หรือ ไม่,,ถูกต้อง
โรคความดันโลหิตสูง ควร ลดการรับประทานอาหารรสเค็มจัด หรืออาหารที่มีโซเดียมสูง ถูกต้อง หรือ ไม่,,ถูกต้อง
การดื่มเครื่องดื่มที่มีแอลกอฮอล์จะส่งผลให้ความดันโลหิตสูงมากขึ้น,,ถูกต้อง
การดื่มเครื่องดื่มที่มีแอลกอฮอล์จะส่งผลให้ความดันโลหิตสูงมากขึ้น ใช่หรือ ไม่,,ถูกต้อง
การดื่มเครื่องดื่มที่มีแอลกอฮอล์จะส่งผลให้ความดันโลหิตสูงมากขึ้น ถูกต้อง หรือ ไม่,,ถูกต้อง
การดื่มเครื่องดื่มที่มีแอลกอฮอล์จะส่งผลให้ความดันโลหิตตำ่ลง,,ผิด ไม่ถูกต้อง 
การดื่มเครื่องดื่มที่มีแอลกอฮอล์จะส่งผลให้ความดันโลหิตตำ่ลง ใช่หรือ ไม่,,ผิด ไม่ถูกต้อง 
การดื่มเครื่องดื่มที่มีแอลกอฮอล์จะส่งผลให้ความดันโลหิตตำ่ลง ถูกต้อง หรือไม่,,ผิด ไม่ถูกต้อง 
การออกกำลังกายช่วยให้ระบบหมุนเวียนเลือดในร่างกายไหลเวียนดีขึ้น,,ถูกต้อง
การออกกำลังกายช่วยให้ระบบหมุนเวียนเลือดในร่างกายไหลเวียนดีขึ้น ใช่หรือ ไม่,,ถูกต้อง
การออกกำลังกายช่วยให้ระบบหมุนเวียนเลือดในร่างกายไหลเวียนดีขึ้น ถูกต้อง หรือ ไม่,,ถูกต้อง
การออกกำลังกายช่วยให้ระบบหมุนเวียนเลือดในร่างกายไหลเวียนแย่ลง ,,ผิด ไม่ถูกต้อง 
การออกกำลังกายช่วยให้ระบบหมุนเวียนเลือดในร่างกายไหลเวียนแย่ลง ใช่หรือ ไม่,,ผิด ไม่ถูกต้อง 
การออกกำลังกายช่วยให้ระบบหมุนเวียนเลือดในร่างกายไหลเวียนแย่ลง ถูกต้อง หรือไม่,,ผิด ไม่ถูกต้อง 
ออกกำลังกายสม่ำเสมอ ลดระดับไตรกลีเซอไรด์และเพิ่มระดับเอชดีเอล,,ถูกต้อง
ออกกำลังกายสม่ำเสมอ ลดระดับไตรกลีเซอไรด์และเพิ่มระดับเอชดีเอล ถูกต้อง หรือ ไม่,,ถูกต้อง
ออกกำลังกายสม่ำเสมอ ลดระดับไตรกลีเซอไรด์และเพิ่มระดับเอชดีเอล ใช่หรือ ไม่,,ถูกต้อง
ออกกำลังกายสม่ำเสมอ เพิ่มระดับไตรกลีเซอไรด์และเพิ่มระดับเอชดีเอล,,ผิด ไม่ถูกต้อง 
ออกกำลังกายสม่ำเสมอ เพิ่มระดับไตรกลีเซอไรด์และเพิ่มระดับเอชดีเอล ใช่หรือ ไม่,,ผิด ไม่ถูกต้อง 
ออกกำลังกายสม่ำเสมอ เพิ่มระดับไตรกลีเซอไรด์และเพิ่มระดับเอชดีเอล ถูกต้อง หรือไม่,,ผิด ไม่ถูกต้อง 
ความดันโลหิตสูงเกิดจาก ความเครียดวิตกกังวล,,ถูกต้อง
ความดันโลหิตสูงเกิดจาก ความเครียดวิตกกังวล ใช่หรือ ไม่,,ถูกต้อง
ความดันโลหิตสูงเกิดจาก ความเครียดวิตกกังวล ถูกต้อง หรือ ไม่,,ถูกต้อง
ความดันโลหิตสูงเกิดจาก สูบบุหรี่,,ถูกต้อง
ความดันโลหิตสูงเกิดจาก สูบบุหรี่ ใช่หรือ ไม่,,ถูกต้อง
ความดันโลหิตสูงเกิดจาก สูบบุหรี่ ถูกต้อง หรือ ไม่,,ถูกต้อง
ความดันโลหิตสูงเกิดจาก โรคอ้วน,,ถูกต้อง
ความดันโลหิตสูงเกิดจาก โรคอ้วน ใช่หรือ ไม่,,ถูกต้อง
ความดันโลหิตสูงเกิดจาก โรคอ้วน ถูกต้อง หรือ ไม่,,ถูกต้อง
ความดันโลหิตสูงเกิดจาก กินอาหารท่ีมีโซเดียมมากเกินไป,,ถูกต้อง
ความดันโลหิตสูงเกิดจาก กินอาหารท่ีมีโซเดียมมากเกินไป ใช่หรือ ไม่ใช่,,ถูกต้อง
ความดันโลหิตสูงเกิดจาก กินอาหารท่ีมีโซเดียมมากเกินไป ถูกต้อง หรือ ไม่,,ถูกต้อง
ความดันโลหิตสูงเกิดจาก กินยาบางชนิด เช่น ยาคุมกำเนิด ยาสเตียรอยด์ ยาบ้า โคเคน,,ถูกต้อง
ความดันโลหิตสูงเกิดจาก กินยาบางชนิด เช่น ยาคุมกำเนิด ยาสเตียรอยด์ ยาบ้า โคเคน ใช่หรือ ไม่,,ถูกต้อง
ความดันโลหิตสูงเกิดจาก กินยาบางชนิด เช่น ยาคุมกำเนิด ยาสเตียรอยด์ ยาบ้า โคเคน ถูกต้อง หรือ ไม่,,ถูกต้อง
โซเดียมมีผลต่อร่างกาย ทำให้กักเก็บน้ำไว้ในร่างกายมากขึ้น หรือบวมน้ำ,,ถูกต้อง
โซเดียมมีผลต่อร่างกาย ทำให้กักเก็บน้ำไว้ในร่างกายมากขึ้น หรือบวมน้ำ ใช่หรือ ไม่,,ถูกต้อง
โซเดียมมีผลต่อร่างกาย ทำให้กักเก็บน้ำไว้ในร่างกายมากขึ้น หรือบวมน้ำ ถูกต้อง หรือ ไม่,,ถูกต้อง
โซเดียมมีอยู่ในอาหารที่มีรสเค็มเท่าน้ัน,,ผิด ไม่ถูกต้อง 
โซเดียมมีอยู่ในอาหารที่มีรสเค็มเท่าน้ัน ใช่หรือ ไม่,,ผิด ไม่ถูกต้อง 
โซเดียมมีอยู่ในอาหารที่มีรสเค็มเท่าน้ัน ถูกต้อง หรือ ไม่,,ผิด ไม่ถูกต้อง 
โซเดียมมีผลต่อร่างกาย ทำให้กำจัดน้ำไว้ในร่างกาย,,ผิด ไม่ถูกต้อง 
โซเดียมมีผลต่อร่างกาย ทำให้กำจัดน้ำไว้ในร่างกาย ใช่หรือ ไม่,,ผิด ไม่ถูกต้อง 
โซเดียมมีผลต่อร่างกาย ทำให้กำจัดน้ำไว้ในร่างกาย ถูกหรือ ไม่,,ผิด ไม่ถูกต้อง 
การลดน้ำหนัก ต้องกินอาหารให้พลังงานลดลงกว่าพลังงานที่ใช้,,ถูกต้อง
การลดน้ำหนัก ต้องกินอาหารให้พลังงานลดลงกว่าพลังงานที่ใช้ ใช่หรือ ไม่,,ถูกต้อง
การลดน้ำหนัก ต้องกินอาหารให้พลังงานลดลงกว่าพลังงานที่ใช้ ถูกต้อง หรือ ไม่,,ถูกต้อง
การลดน้ำหนัก ต้องกินอาหารให้พลังงานเพิ่มขึ้นกว่าพลังงานที่ใช้ ถูกหรือ มัย,,ผิด ไม่ถูกต้อง 
การลดน้ำหนัก ต้องกินอาหารให้พลังงานเพิ่มขึ้นกว่าพลังงานที่ใช้ ใช่หรือ ไม่,,ผิด ไม่ถูกต้อง 
ทำไมต้องควบคุมการกินอาหารก่อนการล้างไต,,"การควบคุมอาหาร จะได้ประโยชน์ 5 ประการ คือ
 1. ลดการทำงานของไต ทำให้ชะลอการเสื่อมของไตได้
 2. ลดการคั่งของของเสียที่เกิดจากอาหารโปรตีน
 3. ป้องกันการขาดสารอาหาร
 4. ยืดเวลาที่ต้องฟอกเลือดหรือล้างไตออกไป
 5. ช่วยให้มีสุขภาพดีและมีคุณภาพชีวิตที่ดี"
ผู้ป่วยโรคไตควรจำกัดน้ำหรือไม่,,"ผู้ป่วยโรคไตถ้าไม่บวม ไม่ต้องจำกัดน้ำ และสามารถกินน้ำได้ตามปกติเหมือนคนทั่วไปคือ 6-8 แก้ว
ต่อวัน และหากเป็นโรคนิ่วที่ไต ควรกินน้ำให้มากขึ้น คือ 8-12 แก้วต่อวัน แต่ถ้ามีอาการบวม
ปัสสาวะไม่ออก จากการที่ไตเสื่อมมาก ต้องจำกัดน้ำตามที่แพทย์สั่ง"
ผู้ป่วยโรคไต กินยาสมุนไพร ใบกระวานฮอก และแปะตำปึง เพื่อลดระดับของเสีย ได้หรือไม่,,"โดยทั่วไปไม่แนะนำยาสมุนไพรสำหรับผู้ที่เป็นโรคไต เนื่องจากยังไม่มีข้อมูลทางการแพทย์ที่มีการวิจัย
อย่างเป็นระบบและมีแบบแผนว่า ยาสมุนไพรจะมีผลดีต่อโรคไต อีกทั้งพบว่า มียาสมุนไพรหลายๆ ชนิด
ทำให้เกิดไตวายฉับพลันได้ และถ้ามีไตเสื่อมอยู่แล้ว เวลาเกิดไตวายฉับพลัน แม้ว่าหยุดยาดังกล่าว
ไตอาจจะไม่ฟื้นคืนสู่ของเดิมได้"
ผู้ป่วยโรคไตเรื้อรังควรกินโซเดียมวันละเท่าไร,,"ผู้ป่วยโรคไตเรื้อรังควรจำกัดปริมาณโซเดียมไม่เกินวันละ 2,000 มิลลิกรัม ควรหลีกเลี่ยงอาหาร
และเครื่องปรุงที่มีปริมาณโซเดียมสูง หากกินอาหารประเภทซุป เช่น ก๋วยเตี๋ยว แกงต่างๆ ควรกินน้ำซุปแต่น้อย
เพราะที่จริงแล้วน้ำซุปมีโซเดียมอยู่สูงมากจากเครื่องปรุงรสเค็มและผงปรุงรสหรือซุป"
โพแทสเซียม คืออะไร,,"โพแทสเซียม คือ แร่ธาตุชนิดหนึ่งที่จำเป็นเพื่อใช้ในการควบคุมของเหลวภายในเซลล์ และควบคุมการทำงาน
ของระบบประสาทและกล้ามเนื้อโดยเฉพาะกล้ามเนื้อหัวใจ ผู้ป่วยโรคไตเรื้อรังที่มีการทำงานของไตลดลง ส่งผลให้
ไตไม่สามารถขับโพแทสเซียมออกได้ตามปกติ ทำให้ผู้ป่วยบางรายมีระดับโพแทสเซียมในเลือดสูง และอาจนำไปสู่
อาการกล้ามเนื้ออ่อนแรง หัวใจเต้นผิดปกติ หรือหยุดเต้นได้ ดังนั้น แพทย์อาจแนะนำให้ผู้ป่วยบางรายโดยเฉพาะมี
ไตเสื่อมมากหลีกเลี่ยงอาหารที่มีโพแทสเซียมสูง ได้แก่ ผลไม้บางชนิด รวมทั้งผักชนิดต่างๆ ดังนี้
ผลไม้ที่มีโพแทสเซียมสูง ที่ควรหลีกเลี่ยง : แก้วมังกร มะละกอ แคนตาลูป มะขามหวาน ทุเรียน ส้ม
ฝรั่ง สตรอเบอรี่ แตงโม ลำไย อโวคาโด น้ำส้ม น้ำสับปะรด น้ำแอปเปิ้ล น้ำทับทิม น้ำลูกพรุน
ผักที่มีโพแทสเซียมสูงที่ควรหลีกเลี่ยง : กะหล่ำดอก กะหล่ำปลีม่วง กระเจี๊ยบเขียว กระชาย ขิง แครอต
จมูกข้าว ถั่วฝักยาว ลูกยอ ใบขี้เหล็ก ใบและเมล็ดมะรุม บล็อกโคลี เผือก ฟักทอง มะเขือเทศ มะเขือเทศสีดา
มะเขือเปราะ มะเขือพวง มะเดื่อ มะระจีน มันแกว มันฝรั่ง มันเทศ ผักหวาน รากบัว วาซาบิ สะเดา สะตอ หัวปลี
หัวผักกาด (หัวไชเท้า) เห็ดกระดุม เห็ดโคน เห็ดตับเต่า เห็ดฟาง เห็ดหูหนู เห็ดเผาะ เห็ดเป๋าฮื้อ หอมแดง
หน่อไม้ แห้ว"
พิวรีน คืออะไร,,"พิวรีน (Purine) คือ สารประกอบชนิดหนึ่งในอาหาร เมื่อผ่านกระบวนการย่อยและการเผาผลาญอาหารแล้ว
จะได้เป็นกรดยูริก (Uric acid) โดยปกติร่างกายสามารถขับกรดยูริกออกทางปัสสาวะและอุจจาระแต่ในผู้ที่มีการทำงาน
ของไตลดลงจะมีการขับยูริกทางปัสสาวะลดลง เป็นผลให้มีระดับยูริกในเลือดสูง ซึ่งการมีระดับยูริกในเลือดสูง นำไปสู่
การเกิดโรคเกาต์ ข้ออักเสบ นิ่วในไต รวมถึงเพิ่มความเสื่อมของการทำงานของไต ผู้ป่วยโรคไตเรื้อรังควรจำกัดอาหาร
ที่มีพิวรีนสูง เพื่อช่วยลดระดับยูริกในเลือดลงได้ อาหารที่มีพิวรีนสูงที่ควรหลีกเลี่ยง ได้แก่ เครื่องในสัตว์ (หัวใจ ตับ
ตับอ่อน กึ่น เซ่งจี้ ไต) ปลาไส้ตัน ปลากระตัก ปลาดุก ปลาอินทรี ปลาทู ปลาแซลมอน หอยขม หอยโข่ง หอยสองฝา
กุ้งชีแฮ้ กะปิ ยอดผัก ใจผัก หน่อไม้ หน่อไม้ฝรั่ง นอกจากการจำกัดอาหารที่มีพิวรีนสูงแล้ว ยังควรหลีกเลี่ยงเครื่องดื่ม
ที่มีแอลกอฮอล์ทุกชนิด และเลือกกินอาหารที่มีไขมันต่ำร่วมด้วย เพื่อเป็นอีกแนวทางที่จะช่วยให้ระดับยูริกในเลือด
อยู่ในเกณฑ์ปกติได้"
ฟอสฟอรัส คืออะไร,,"ฟอสฟอรัส คือ แร่ธาตุชนิดหนึ่งที่สามารถพบได้ในอาหาร หากร่างกายได้รับในปริมาณที่มากเกินจะถูกขับ
ออกทางไต เมื่อไตขับฟอสฟอรัสได้น้อยลง อาจส่งผลให้ระดับฟอสฟอรัสในเลือดสูงซึ่งมีผลต่อการสลายแคลเซียม
ในกระดูกเป็นสาเหตุหนึ่งของการเกิดภาวะกระดูกบางและหักง่าย ดังนั้นผู้ป่วยโรคไตเรื้อรังควรหลีกเลี่ยงอาหาร
ที่มีปริมาณฟอสฟอรัสสูง"
โปรตีน คืออะไร,,"โปรตีน คือ สารอาหารที่ช่วยในการเสริมสร้าง และซ่อมแซมส่วนต่างๆ ของร่างกาย ช่วยให้ร่างกายมี
ภูมิต้านทานเชื้อโรค โดยปกติสามารถแบ่งโปรตีนที่กินออกเป็น 2 ประเภท ได้แก่
 1. โปรตีนที่มีคุณภาพดี (High Biological Value – HBV) คือ มีกรดอะมิโนจ าเป็นครบถ้วนตาม
ความต้องการของร่างกายและมีของเสียน้อย ไตจึงไม่ต้องทำงานหนัก แต่อย่างไรก็ตามผู้ป่วยควรจำกัดปริมาณ
ที่กินตามที่แพทย์/นักก าหนดอาหาร/บุคลากรทางการแพทย์แนะนำ อาหารในกลุ่มนี้ ได้แก่ ไข่ขาว และอาหาร
จำพวกเนื้อสัตว์ เช่น เนื้อปลา เนื้อไก่ เนื้อหมู เนื้อวัว ควรเลือกกินที่ไม่มีหนังและมันด้วย
 2. โปรตีนที่มีคุณภาพต่ำ (Low Biological Value – LBV) คือ มีกรดอะมิโนจำเป็นไม่ครบและมี
ของเสียมาก ไตต้องทำงานหนักในการกำจัดของเสียออกจากร่างกาย จึงควรกินในปริมาณน้อย ได้แก่ อาหาร
จำพวกอื่นที่ไม่ใช่เนื้อสัตว์ เช่น ถั่ว ธัญพืช เต้าหู้ โปรตีนเกษตร เป็นต้น"
โซเดียม คืออะไร,,"โซเดียม คือ แร่ธาตุที่มีความจำเป็นต่อร่างกาย ช่วยรักษาความสมดุลของน้ำในร่างกาย และความดันโลหิต
การกินโซเดียมมากเกินไปมีผลให้ความดันโลหิตสูง ไตทำงานหนักและเกิดภาวะบวมน้ำได้"
มีวิธีการปฏิบัติตัวอย่างไรเพื่อให้การทำงานของไตดีขึ้นได้บ้าง,,"การทำงานของไตที่ลดลงมาจากหลายสาเหตุ มีแบบที่ปรับเปลี่ยนได้และไม่ได้ ที่ปรับเปลี่ยนไม่ได้คือ
อายุ เมื่ออายุมาก ไตจะเสื่อมตามวัย ทำให้อัตราการกรองลดลงไปด้วย ส่วนที่ปรับเปลี่ยนได้ คือ
 1. ต้องไม่สูบบุหรี่เพราะการสูบบุหรี่ทำให้ไตเสื่อมเร็วขึ้น
 2. กินอาหารโปรตีนให้อยู่ประมาณ 0.6-0.8 กรัมต่อน้ำหนักตัว 1 กิโลกรัมต่อวัน เช่น ถ้ามีน้ำหนัก 60
กิโลกรัม ให้กินโปรตีน 36-48 กรัมต่อวัน เนื่องจากเวลากินอาหารโปรตีนมากไป จะทำให้ไตเรา
ต้องทำงานหนัก และไตจะเสื่อมเร็วขึ้นได้ กรณีที่มีไข่ขาวหรือโปรตีนรั่วทางปัสสาวะปริมาณมาก
แพทย์จะมีการปรับปริมาณโปรตีนที่ควรบริโภคตามความรุนแรงของโรคไต และปริมาณโปรตีนที่รั่ว
ออกมาทางปัสสาวะ
 3. ควบคุมความดันโลหิตให้ใกล้เคียงค่าปกติมากที่สุด (ต่ำกว่าหรือเท่ากับ 130/80 มิลลิเมตรปรอท)
โดยการลดอาหารเค็ม อาหารที่มีโชเดียมสูง รู้จักการอ่านฉลากโภชนาการ และกินยาตามที่แพทย์สั่ง
 4. ควบคุมคอเลสเทอรอลในเลือดตัวไม่ดี (LDL) ให้ต่ำกว่า 100 มิลลิกรัมต่อเดซิลิตร โดยการใช้ยา
ลดคอเลสเทอรอล และการควบคุมอาหารที่มีไขมันอิ่มตัวและคอเลสเทอรอลสูง
 5. ถ้าเป็นโรคเกาต์ ควรหลีกเลี่ยงอาหารที่มีปริมาณกรดยูริกสูง เช่น เหล้า เบียร์ สัตว์ปีกทุกชนิด
ยอดผัก ข้าวกล้องงอก อาหารทะเลแช่แข็ง ขนมปัง เนื่องจากนอกจากโรคเกาต์จะกำเริบแล้ว ยังมี
ข้อมูลทางการแพทย์พบว่า ปริมาณยูริคที่สูงอาจทำให้ไตเสื่อมเร็วขึ้นได้
 6. ควบคุมการใช้ยาแก้ปวด เนื่องจากยาแก้ปวดส่วนใหญ่ที่ไม่ใช่กลุ่มพาราเซดตามอล เช่น ยา
กลุ่ม NSIADS ทำให้ไตแย่ลงได้เนื่องจากอาจทำให้เกิดไตวายฉับพลันซ้ำเติมไตที่เสื่อมเรื้อรังได้
ดังนั้นไม่ควรซื้อยาแก้ปวดกินเอง รวมถึงยาสมุนไพรและยาลูกกลอนด้วย และเมื่อแพทย์จะจ่ายยา
แก้ปวด อย่าลืมสอบถามแพทย์ที่สั่งยาว่า ยานั้นมีผลต่อการทำงานของไตหรือไม่
 7. ถ้าเป็นเบาหวานต้องคุมเบาหวานให้ได้ หมั่นตรวจน้ำตาลเป็นช่วงๆ
 8. หากมีความจำเป็นต้องทำเอ็กซเรย์คอมพิวเตอร์ที่ต้องมีการฉีดสีสารทึบรังสี ให้ปรึกษาแพทย์โรคไต
ที่ดูแลก่อน เพื่อหาวิธีลดความเสี่ยงที่สารทึบรังสีจะทำร้ายไต"
วิธีการทำอาหารเพื่อลดโซเดียม,,การปรุงอาหารรับประทานเองสามารถควบคุมปริมาณโซเดียมที่บริโภคได้ ด้วยการลดปริมาณการใช้ เครื่องปรุงที่มีโซเดียมปริมาณสูง เช่น เกลือ ซีอิ๊ว น้ำปลา ผงชูรส ผงปรุงรส ซอสหอยนางรม แต่เพิ่มรสเปรี้ยว หรือรสเผ็ดแทน หรืออาจใช้เครื่องเทศต่างๆ เช่น พริก ยี่หร่า ตะไคร้ ใบมะกรูด จะช่วยทำให้อาหารมีรสชาติ มากขึ้น ในขณะที่ปริมาณโซเดียมลดลง
โซเดียมมีผลต่อร่างกายอย่างไร,,"โซเดียม เป็นแร่ธาตุตัวหนึ่งที่มีความจำเป็นต่อร่างกาย โดยโซเดียมทำหน้าที่ควบคุมความสมดุล ของของเหลวในร่างกาย รักษาความดันโลหิตให้อยู่ในระดับปกติ ช่วยในการทำงานของประสาทและ กล้ามเนื้อ (รวมถึง กล้ามเนื้อหัวใจด้วย) ตลอดจนการดูดซึมสารอาหารบางอย่างในไตและลำไส้เล็ก แต่ถ้าได้รับมากเกินไป จะส่งผลเสียมากกว่า ซึ่งมีผลเสียที่เกิดขึ้นดังนี้
1. ทำให้กักเก็บน้ำไว้ในร่างกายมากขึ้น หรือบวมน้ำ เกิดจากการที่ร่างกายไม่สามารถกำจัดเกลือและน้ำส่วนเกินในร่างกายได้ ทำให้แขนขาบวม เหนื่อยง่าย แน่นหน้าอก ในผู้ป่วยโรคหัวใจน้ำที่คั่งจะทำให้เกิดภาวะหัวใจวายมากขึ้น
2. ทำให้ความดันโลหิตสูงขึ้น ซึ่งความดันโลหิตสูงจะส่งผลต่อหลอดเลือดอวัยวะต่างๆ ทำให้เกิดอัมพฤกษ์ อัมพาต ไตวาย ตามมาได้
3. ทำให้ไตทำงานหนักขึ้น เกิดจากการเพิ่มการกำจัดโซเดียม และน้ำส่วนเกินออกจากร่างกาย ผลที่ตามมาคือ ไตเสื่อมเร็วขึ้น
ปริมาณโซเดียมที่แนะนำต่อวันคือ ไม่ควรกินเกิน 2,000 มิลลิกรัมของโซเดียม ซึ่งเท่ากับเกลือ 1 ช้อนชา หรือน้ำปลา ซีอิ๊ว ซอสปรุงรส คือ 4-5 ช้อนชา"
โซเดียมมีอยู่ในอาหารที่มีรสเค็มเท่านั้นหรือไม่,,"ไม่ใช่ โซเดียมมีอยู่ในอาหารตามธรรมชาติแทบทุกชนิด โดยเนื้อสัตว์ต่างๆ จะมีโซเดียมสูง ส่วนผลไม้ ทุกชนิด ผัก ธัญพืช ถั่วเมล็ดแห้ง และเนื้อปลาจัดเป็นอาหารที่มีโซเดียมตามธรรมชาติต่ำ ซึ่งอาหารสด เหล่านี้มีปริมาณโซเดียมที่เพียงพอกับความต้องการของร่างกาย โดยไม่จำเป็นต้องเติมเครื่องปรุงรส ใดๆ เลย อาหารที่มีโซเดียมอยู่มาก แบ่งออกเป็น 2 ประเภทใหญ่ๆ คือ ประเภทที่มีรสเค็ม และอาหาร ที่ไม่มีรสเค็ม 
1. โซเดียมในอาหารที่มีรสเค็ม ได้แก่ เกลือ ซอสปรุงรสที่มีรสเค็ม (เช่น ซีอิ๊วขาว เต้าเจี้ยว น้ำบูดู กะปิ ปลาร้า ปลาเจ่า เต้าหู้ยี้ รวมทั้งซอสหอยนางรม) ซอสปรุงรสที่ไม่มีรสเค็มหรือเค็มน้อย (เช่น ซอสมะเขือเทศ ซอสพริก น้ำจิ้มต่างๆ ที่มีรสเปรี้ยวๆ หวานๆ )
2. โซเดียมในอาหารที่ไม่มีรสเค็ม มีอาหารหลายชนิดที่ไม่มีรสเค็ม แต่มีโซเดียมแฝงอยู่สูงมาก ได้แก่
2.1 ผงชูรส เป็นสารปรุงแต่งที่ไม่มีรสเค็ม แต่ก็มีโซเดียมเป็นส่วนประกอบอยู่สูง อาหารสำเร็จรูป ต่างๆ ที่ขายในท้องตลาด หรืออาหารที่ทำเองในบ้าน มักมีการเติมผงชูรสลงไปแทบทุกชนิด เพื่อให้อาหารมีรสอร่อยขึ้น
2.2 อาหารกระป๋องต่างๆ เช่น ผลไม้กระป๋อง ปลากระป๋อง และอาหารสำเร็จรูปต่างๆ ขนม กรุบกรอบ ที่มักบรรจุอยู่ในถุง เป็นต้น มีการใส่สารกันบูดเพ่อให้อาหารเหล่าน้เก็บไว้ได้เป็นเวลานาน
2.3 อาหารที่ผ่านการแปรรูปที่สามารถเก็บอาหารนั้นไว้ได้นานๆ เช่น อาหารหมักดองต่างๆ ไส้กรอก หมูยอ แหนม เต้าเจี้ยว ถั่วเน่า ฯลฯ
2.4 อาหารกึ่งสำเร็จรูป เช่น บะหมี่ โจ๊ก ข้าวต้ม ซุปต่างๆ ทั้งชนิดก้อนและชนิดซอง
2.5 ขนมปัง ขนมเค้ก คุกกี้ ขนมอบที่มีการเติมผงฟู (Baking powder หรือ Baking soda) หรือสารกันเชื้อราลงไป
2.6 เครื่องดื่มเกลือแร่ น้ำแร่ สำหรับผู้ที่สูญเสียเหงื่อมาก น้ำผลไม้บรรจุกล่อง ขวด หรือกระป๋อง ที่มีการเติมสารกันบูด"
หากต้องกินข้าวนอกบ้านมีเทคนิคในการกินลดโซเดียมอย่างไร,,"หากต้องกินข้าวนอกบ้านจะมีวิธีการสั่งและเลือกอาหารดังนี้
1. อาหารตามสั่ง ควรระบุกับแม่ครัวว่ารสชาติไม่จัด และไม่ใส่ผงชูรส ไม่ควรใส่ซอส หรือพริกน้ำปลาเพิ่ม
2. ข้าวราดแกง ควรแยกแกงใส่ถ้วยเล็ก ไม่ราดบนข้าว ไม่ควรซดน้ำแกงหมดถ้วย ใส่น้ำพริก น้ำปลาเพิ่ม
3. ก๋วยเตี๋ยว ควรชิมก่อนปรุง ไม่ซดน้ำหมด ไม่ควรปรุงทันทีโดยไม่ชิม
4. อาหารต้องกินกับน้ำจิ้ม เช่น สุกี้ หมูกระทะ เป็นต้น ไม่ควรกินบ่อย นานๆ จึงจะเลือกกิน
5. อาหารบุฟเฟ่ต์ ควรเลือกอาหารที่มาจากธรรมชาติ หรือ ผ่านการแปรรูปน้อยที่สุด ไม่ควรกินอาหารรสจัด อาหารหมักดอง"
ตัวอย่างปริมาณโซเดียมในเครื่องปรุงรสชนิดต่างๆ,,"* ปริมาณโซเดียม เฉลี่ยต่อ 1 ช้อนโต๊ะ (มิลลิกรัม)
1. เกลือ (1 ช้อนชา) ปริมาณโซเดียม 2400 มิลลิกรัม ปริมาณสูงสุดที่ควรได้รับคือ 100 เปอร์เซนต์ 
2. น้ำปลา ปริมาณโซเดียม 1350 มิลลิกรัม ปริมาณสูงสุดที่ควรได้รับคือ 56 เปอร์เซนต์ 
3. ซีอิ๊ว ปริมาณโซเดียม 1190 มิลลิกรัม ปริมาณสูงสุดที่ควรได้รับคือ 50 เปอร์เซนต์ 
4. ซอสถั่วเหลือง ปริมาณโซเดียม 1187 มิลลิกรัม ปริมาณสูงสุดที่ควรได้รับคือ 49 เปอร์เซนต์ 
5. ซอสหอยนางรม ปริมาณโซเดียม 518 มิลลิกรัม ปริมาณสูงสุดที่ควรได้รับคือ 100 เปอร์เซนต์ 
6. น้ำจิ้มไก่ ปริมาณโซเดียม 385 มิลลิกรัม ปริมาณสูงสุดที่ควรได้รับคือ 15 เปอร์เซนต์ 
7. ซอสพริก ปริมาณโซเดียม 231 มิลลิกรัม ปริมาณสูงสุดที่ควรได้รับคือ 10 เปอร์เซนต์ 
8. ซอสมะเขือเทศ ปริมาณโซเดียม 149 มิลลิกรัม ปริมาณสูงสุดที่ควรได้รับคือ 6 เปอร์เซนต์ 
9. ผงชูรส ปริมาณโซเดียม 163 มิลลิกรัม ปริมาณสูงสุดที่ควรได้รับคือ 7 เปอร์เซนต์ 
10. ซุปก้อน ปริมาณโซเดียม 176 มิลลิกรัม ปริมาณสูงสุดที่ควรได้รับคือ 7 เปอร์เซนต์"
ข้อปฏิบัติการกินอาหารของผู้ที่เป็นโรคความดันโลหิตสูง หัวใจ และอัมพาต,,"1. ลดการกินอาหารที่มีไขมันสูง ควรหลีกเลี่ยงหรืองดการกินอาหารที่มีไขมันสูง ได้แก่ อาหารผัด ทอด และไขมันที่มาจากสัตว์ เช่น ปาท่องโก๋ กล้วยแขก หมูสามชั้น ข้าวมันไก่ ข้าวขาหมู เป็นต้น หากต้องการกินเนื้อสัตว์ ควรเลาะไขมันหรือหนัง ออกให้หมด นอกจากนี้ควรหลีกเล่ียงอาหารที่ใช้กะทิ ได้แก่ ขนมหวาน แกงกะทิ และขนมเบเกอรี่ที่ใช้เนย มาร์การีน เป็นส่วนผสม ได้แก่ เค้ก คุกกี้ โดนัต พาย เป็นต้น
2. เพิ่มการกินผักสด ผลไม้หวานน้อยทุกวัน เพิ่มการกินผัก ผลไม้ ที่รสไม่หวานมาก โดยในแต่ละวันควรเลือกกินอาหารประเภทผักผลไม้ให้ได้อย่างน้อย วันละ 5 ส่วน พยายามกินให้ได้หลากหลายชนิด หลากหลายสีสัน เช่น สีขาว สีเขียว สีเหลือง สีส้มปริมาณผัก 1 ส่วนของผักสุกเท่ากับ 1 ทัพพี หากเป็นผักดิบเท่ากับ 1 ถ้วยตวง ปริมาณผลไม้ 1 ส่วน ขึ้นอยู่กับขนาดของผลไม้
- ผลไม้ขนาดใหญ่ เช่น มะม่วง ฝรั่ง 1 ส่วน เท่ากับ ครึ่งผล
- ผลไม้ขนาดกลาง เช่น ส้ม ชมพู่ กล้วย 1 ส่วน เท่ากับ 1-2 ผล
- ผลไม้ขนาดเล็ก เช่น ลำไย องุ่น ลองกอง 1 ส่วน เท่ากับ 5-8 ผล
- ผลไม้หั่นเป็นชิ้นๆ เช่น แตงโม มะละกอ สับปะรด 1 ส่วนเท่ากับ 6-8 ชิ้นพอคำ
3. ลดการรับประทานอาหารรสเค็มจัด หรืออาหารที่มีโซเดียมสูง
โซเดียมมีอยู่ในอาหารตามธรรมชาติแทบทุกชนิด โดยเนื้อสัตว์ต่างๆ จะมีโซเดียมสูง ส่วนผลไม้ทุกชนิด ผัก ธัญพืช ถั่วเมล็ดแห้ง และเนื้อปลาจัดเป็นอาหารที่มีโซเดียมตามธรรมชาติต่ำ ซึ่งอาหารสดเหล่านี้มีปริมาณ โซเดียมที่เพียงพอกับความต้องการของร่างกาย โดยไม่จำเป็นต้องเติมเครื่องปรุงรสใดๆ เลย ปริมาณโซเดียม ที่แนะนำต่อวันคือ ไม่ควรกินเกิน 2,000 มิลลิกรัมของโซเดียม อาหารที่มีโซเดียมสูงคือ เกลือ และเครื่องปรุงรส ต่างๆ ปริมาณโซเดียม 2,000 มิลลิกรัม จะเท่ากับ เกลือ 1 ช้อนชา หรือน้ำปลา ซีอิ๊ว ซอสปรุงรส ประมาณ 
4-5 ช้อนชา"
วิธีการทำอาหารสำหรับผู้ที่เป็นโรคความดันโลหิตสูง หัวใจ และอัมพาต,,การทำอาหาร ควรเลือกอาหารประเภท อบ ต้ม นึ่ง ย่าง เป็นประจำ หากต้องทำอาหารประเภทที่ใช้ น้ำมัน เช่น การทอด การผัด ควรใช้กระทะเคลือบเทฟล่อน โดยใช้น้ำมันแต่น้อย และเลือกใช้น้ำมันประเภท ไม่อิ่มตัว ได้แก่ น้ำมันถั่วเหลือง น้ำมันรำข้าว น้ำมันดอกทานตะวัน น้ำมันงา น้ำมันมะกอก เป็นต้น
วิธีการเลือกซื้ออาหารสำหรับผู้ที่เป็นโรคความดันโลหิตสูง หัวใจ และอัมพาต,,การเลือกซื้อ เลือกกินอาหารต่างๆ ควรเลือกอาหารที่มีไขมันต่ำ เช่น เนื้อปลา เนื้อหมูไม่ติดมัน หรือไก่ ที่เลาะหนังออก หรือผลิตภัณฑ์อาหารที่ระบุว่า ไขมันต่ำ พร่องมันเนย เช่น นมไขมันต่ำหรือพร่องมันเนย โยเกิร์ต ไขมันต่ำ เป็นต้น
วิธีการลดปริมาณโซเดียมสำหรับการบริโภค,,"1) ชิมอาหารก่อนปรุงทุกครั้ง ท่องไว้เสมอว่า น้ำปลาหรือซีอิ๊ว 1 ช้อนชาที่ใส่ลงไป มีโซเดียม 350-500 มิลลิกรัม หรือ ร้อยละ 15-20 ของความต้องการต่อวัน
2) หากรับประทานอาหารประเภทข้าวราดแกง แนะนำให้แยกแกงใส่ถ้วยเล็ก ไม่ควรราดบนข้าว และ รับประทานนาซุปหรือน้ำแกงเพียงเล็กน้อย เช่นเดียวกับการบริโภคก๋วยเตี๋ยวน้ำ เพราะโซเดียมส่วนใหญ่ จะอยู่ในน้ำแกง
3) เลือกอาหารที่มาจากธรรมชาติ หรือผ่านการแปรรูปน้อยที่สุด เช่น เลือกบริโภคหมูแทนการบริโภค ไส้กรอกหมู หรือหมูยอ เนื่องจากอาหารที่ผ่านกระบวนการแปรรูปจะมีโซเดียมเพิ่มขึ้น 5-10 เท่า
4) ลดความถี่ของการบริโภคอาหารที่ต้องมีเครื่องปรุงน้ำจิ้ม เช่น ข้าวมันไก่ ข้าวหมูแดง สุกี้ หมูกระทะ เป็นต้น
5) หลีกเลี่ยงการกินอาหารรสจัด อาหารหมักดอง อาหารสำเร็จรูป และขนมขบเคี้ยวที่มีเครื่องปรุงรส เป็นส่วนผสมปริมาณมาก
6) อ่านฉลากโภชนาการก่อนเลือกซื้ออาหารทุกครั้ง เพื่อหลีกเลี่ยงอาหารที่มีโซเดียมสูง"
ตัวอย่างปริมาณโซเดียมในอาหารสำเร็จรูป,,"1. บะหมี่สำเร็จรูปพร้อมเครื่องปรุง 1 ซอง ปริมาณโซเดียม 1405 มิลลิกรัม ปริมาณสูงสุดที่ควรได้รับคือ 58 เปอร์เซนต์ 
2. โจ๊กกึ่งสำเร็จรูป 1 ถ้วย ปริมาณโซเดียม 1120 มิลลิกรัม ปริมาณสูงสุดที่ควรได้รับคือ 47 เปอร์เซนต์ 
3. ปลากระป๋อง 1 กระป๋อง ปริมาณโซเดียม 730 มิลลิกรัม ปริมาณสูงสุดที่ควรได้รับคือ 30 เปอร์เซนต์ 
4. ผักกาดดอง 1 ถ้วยตวง ปริมาณโซเดียม 779 มิลลิกรัม ปริมาณสูงสุดที่ควรได้รับคือ 32 เปอร์เซนต์ 
5. ผักบรรจุกระป๋อง 1 ถ้วยตวง ปริมาณโซเดียม 505 มิลลิกรัม ปริมาณสูงสุดที่ควรได้รับคือ 21 เปอร์เซนต์ 
6. มันฝรั่งทอดกรอบ 30 กรัม ปริมาณโซเดียม 170 มิลลิกรัม ปริมาณสูงสุดที่ควรได้รับคือ 7 เปอร์เซนต์ 
7. ปลาสวรรค์รสเข้มข้น 20 กรัม ปริมาณโซเดียม 590 มิลลิกรัม ปริมาณสูงสุดที่ควรได้รับคือ 25 เปอร์เซนต์ 
8. ปลาหมึกอบ 30 กรัม ปริมาณโซเดียม 862 มิลลิกรัม ปริมาณสูงสุดที่ควรได้รับคือ 36 เปอร์เซนต์ 
9. ข้าวเกรียบกุ้ง 30 กรัม ปริมาณโซเดียม 340 มิลลิกรัม ปริมาณสูงสุดที่ควรได้รับคือ 14 เปอร์เซนต์"
การลดน้ำหนักควรกินอาหารลดลงกว่าที่เคยใช้กี่กิโลแคลอรี่,,500 กิโลแคลอรี
แนวทางการลดน้ำหนัก,,"การลดน้ำหนัก ต้องกินอาหารพลังงานลดลงกว่าที่ใช้โดยทั่วไปแนะนำให้ลดพลังงานลง 500 กิโลแคลอรี
ทุกวัน โดยการกินอาหารหลักให้ครบ 3 มื้อ ไม่กินอาหารว่างหรือกินจุบกินจิบ ลดปริมาณอาหารที่กิน
แต่ละมื้อลง 1 ใน 4 หรือ 1 ใน 5 โดยลดน้ำตาลและไขมันเป็นหลัก เปลี่ยนวิธีการปรุงอาหารจากทอด
ผัดน้ำมันมาก เป็น ต้ม นึ่ง อบ หรือผัดน้ำามันน้อย ปิ้งหรือย่างให้สุกพอดีไม่ไหม้เกรียมและควร
ออกกำลังกายร่วมด้วย เริ่มด้วยการเดินวันละ 1,500-2,000 ก้าว แล้วเพิ่ม 1,000 ก้าวทุก 3-5 วัน
จนเดินได้วันละ 10,000 ก้าว"
อยากลดน้ำหนักควรเดินวันละกี่ก้าว,,1500-2000 ก้าว
หน่วยของปริมาณอาหาร,,กิโลแคลอรี
สารอาหารที่ให้พลังงานมีอะไรบ้าง,,คาร์โบไฮเดรต โปรตีน และไขมัน
คาร์โบไฮเดรตให้พลังงานกี่แคลอรี,,4 กิโลแคลอรีต่อ 1 กรัม
โปรตีนให้พลังงานกี่แคลอรี,,4 กิโลแคลอรีต่อ 1 กรัม
ไขมันให้พลังงานกี่แคลอรี,,9 กิโลแคลอรีต่อ 1 กรัม
ผู้ที่ต้องการลดน้ำหนักตัวสำหรับผู้หญิงควรกินกี่กิโลแคลอรี,,1200 กิโลแคลอรี
ผู้ที่ต้องการลดน้ำหนักตัวสำหรับผู้ชายควรกินกี่กิโลแคลอรี,,1600 กิโลแคลอรี
โดยทั่วไปน้ำผลไม้และเครื่องดื่มผสมน้ำตาล 1 ซีซี ให้พลังงานกี่กิโลแคลอรี,,0.5 กิโลแคลอรี
โดยทั่วไปเครื่องดื่มเย็นผสมน้ำตาลและครีม 1 ซีซี ให้พลังงานกี่กิโลแคลอรี,,0.8-1.0 กิโลแคลอรี
แป้งและข้าว 2 ทัพพี ให้พลังงานกี่กิโลแคลอรี,,160 กิโลแคลอรี่
ข้อควรระวังของการลดน้ำหนัดคือ,,"ต้องระวังอย่าให้น้ำหนักที่ลดแล้วกลับขึ้นอีกเพราะอาจเกิดโยโย่และทำให้การลดน้ำหนักรอบใหม่ยากลำบาก
กว่าเดิม โดยเฉพาะอย่างยิ่งผู้ที่อดอาหารอย่างเดียวโดยไม่ออกกำลังกาย น้ำหนักที่ลดลงจากการอดอาหาร
เกิดจากการสูญเสียทั้งส่วนที่เป็นไขมันและส่วนที่เป็นกล้ามเนื้อ ประกอบกับในขณะอดอาหารร่างกายจะปรับตัว
ลดการเผาผลาญพลังงานให้น้อยลง เพื่อสงวนพลังงานไว้ใช้เมื่อกลับไปกินอาหารแบบเดิมน้ำหนักจึงขึ้นอย่างรวดเร็ว
และมากเกินกว่าน้ำหนักเดิม คือเกิดปรากฏการณ์โยโย่ เนื่องจากส่วนที่เป็นกล้ามเนื้อน้อยลงและการเผาผลาญ
พลังงานลดลง การลดน้ำหนักครั้งต่อไปจึงยากขึ้นหรือล้มเหลว"
หากไม่รักษาโรคเบาหวานหรือรักษาแต่ควบคุมไม่ได้จะเกิดภาวะและโรคแทรกซ้อนจากเบาหวานแบ่งเป็น 2 กลุ่มอะไรบ้าง,,ภาวะและโรคแทรกซ้อนเฉียบพลันและโรคแทรกซ้อนเรื้อรัง
ภาวะแทรกซ้อนเฉียบพลันจากเบาหวานเกิดจากอะไร,,ภาวะแทรกซ้อนเฉียบพลันจากเบาหวานที่เกิดจากระดับน้ำตาลในเลือดสูงขึ้นมากจนถึงขีดอันตราย
โรคแทรกซ้อนเรื้อรังจากเบาหวานเกิดจากอะไร,,"เกิดจากระดับน้ำตาลในเลือดสูงอย่างต่อเนื่องเป็นเวลานาน จนเกิด
การเปลี่ยนแปลงของเนื้อเยื่อและหลอดเลือดในอวัยวะใดอวัยวะหนึ่ง ในที่สุดอวัยวะนั้นไม่สามารถทำหน้าที่ได้
ตามปกติ"
ยกตัวอย่างโรคแทรกซ้อนที่เกิดจากเบาหวาน,,"- เบาหวานที่จอประสาทตา ทำให้สายตาเลวลง อาจรุนแรงถึงตาบอดได้
- เบาหวานที่ไต ทำให้ไตเสื่อม อ ่อนเพลีย บวม ซีด และท้ายสุดคือไตวาย เมื่อไตวายต้องล้างไต
เปลี่ยนไต และเสียชีวิตในที่สุด
- ผู้ที่เป็นเบาหวานจะเกิดหลอดเลือดแดงตีบตันได้บ่อยกว่าผู้ที่ไม่เป็นเบาหวาน มักเกิดในคนที่มีอายุ
น้อยกว่าและมีอาการรุนแรงกว่า ถ้าเกิดที่หัวใจ ทำให้กล้ามเนื้อหัวใจขาดเลือดหรือกล้ามเนื้อหัวใจตาย
อาจเสียชีวิตกระทันหัน หรือเกิดหัวใจวายในระยะท้าย หากเกิดที่สมองทำให้เกิดอัมพฤกษ์หรืออัมพาต
ถ้าเกิดที่ขาทำให้มีอาการปวดน่องเวลาเดิน ปลายเท้าเย็น สีคล้ำ ถ้าอุดตันจะทำให้นิ้วเท้าแห้งดำ
หากติดเชื้อแทรกซ้อนทำให้นิ้วเน่าดำ อาจต้องตัดนิ้ว หรือ เท้า หรือ ขา
- ผู้ที่เป็นเบาหวานมักเกิดปลายประสาทเสื่อม ทำให้มีอาการชาปลายมือปลายเท้า ปวดแสบปวดร้อน
แขนขาไม่มีแรง เท้าหรือข้อเท้าผิดรูปบางรายเกิดความผิดปกติของระบบประสาทอัตโนมัติมีอาการวูบ
หน้ามืดเมื่อลุกยืน ท้องอืด ท้องเสียสลับท้องผูก อวัยวะเพศชายไม่แข็งตัว"
วิธีการป้องกันโรคแทรกซ้อนเรื้อรังจากเบาหวาน,,"โดยควบคุมระดับน้ำตาลในเลือดให้เป็น
ปกติหรือใกล้เคียงปกติและควบคุมภาวะหรือปัจจัยเสี่ยงอื่นๆ ได้แก่ความดันโลหิตสูง ระดับไขมันผิดปกติในเลือด
น้ำหนักตัวมากเกินหรืออ้วน ที่พบร่วมกับโรคเบาหวานอย่างเข้มงวดรวมทั้งงดสูบบุหรี่"
หลักทั่วไปสำหรับการควบคุมอาหาร,,"หลักการทั่วไปคือ กินอาหารในปริมาณที่พอเหมาะและครบทุกหมู่ปริมาณที่พอเหมาะขึ้นกับอายุน้ำหนักตัว
งานที่ทำและกิจกรรมในแต่ละวัน คำนวณพลังงานที่ต้องการต่อวันจากผลคูณของน้ำหนักตัวกับพลังงานที่กำหนด
ตามกิจกรรมประจำวัน"
แนะนำสัดส่วนในการบริโภคอาหารสำหรับ,,ให้ได้สัดส่วนคาร์โบไฮเดรตร้อยละ 50-55 โปรตีนร้อยละ 15-20 และไขมันร้อยละ 30-35 สำหรับเด็ก
วิธีการควบคุมอาหาร,,"ลดปริมาณพลังงานและไขมันที่กินในแต่ละวันเพิ่มกิจกรรมออกแรงปฏิบัติอย่างสม่ำเสมอและต่อเนื่อง
จนสามารถลดน้ำหนักได้อย่างน้อยร้อยละ5 ของน้ำหนักตั้งต้น หากทำได้ควรลดน้ำหนักลงจนใกล้เคียง
น้ำหนักที่ควรเป็น"
วิธีการควบคุมอาหาร,,ไม่แนะนำอาหารโปรตีนสูงหรือคาร์โบไฮเดรตต่ำสำหรับการลดน้ำหนักตัว
ปริมาณคาร์โบไฮเดรตที่ควรบริโภค,,"บริโภคคาร์โบไฮเดรตไม ่เกินร้อยละ 50-55 ของพลังงานรวมในแต ่ละวัน ไม่แนะนำอาหารที่มี
คาร์โบไฮเดรตน้อยกว่า 130 กรัม/วัน นั่นคือ ควรกินอาหารหมวดข้าวแป้งไม่น้อยกว่าวันละ 4-6 ทัพพี
ร่วมกับผลไม้2-3 ส่วนต่อวัน"
ปริมาณคาร์โบไฮเดรตที่ควรบริโภค,,"เพิ่มการบริโภคใยอาหารให้ได้14กรัมต่ออาหาร1000กิโลแคลอรีนั่นคือ กินผักให้ได้อย่างน้อย3ทัพพี
ต่ออาหาร 1000 กิโลแคลอรีร่วมกับธัญพืชที่ไม่ขัดสีหรือผ่านการขัดสีน้อยเป็นประจำ"
ปริมาณคาร์โบไฮเดรตที่ควรบริโภค,,บริโภคผัก ธัญพืช ถั่ว ผลไม้และนมจืดไขมันต่ำ เป็นประจำ
ปริมาณคาร์โบไฮเดรตที่ควรบริโภค,,"การนับปริมาณคาร์โบไฮเดรตและการใช้อาหารแลกเปลี่ยนเป็นกุญแจสำคัญในการควบคุมระดับน้ำตาล
ในเลือดไม่ให้แปรปรวนมาก"
ปริมาณคาร์โบไฮเดรตที่ควรบริโภค,,"บริโภคอาหารที่มีดัชนีน้ำตาล(glycemicindex)ต่ำ เนื่องจากมีใยอาหารและสารอาหารอื่นๆในปริมาณ
มาก เพื่อช่วยควบคุมระดับน้ำตาลในเลือดไม่ให้สูงมาก"
ปริมาณคาร์โบไฮเดรตที่ควรบริโภค,,"ใช้น้ำตาลทรายได้บ้าง จำกัดปริมาณไม่เกินวันละ 4 ช้อนชา หรือไม่เกินร้อยละ 5 ของพลังงานทั้งวัน
ปริมาณที่กำหนดควรแบ่งใช้เป็น 2-3 ครั้ง โดยแลกเปลี่ยนกับอาหารคาร์โบไฮเดรตอื่นในมื้ออาหารนั้น
เช่นถ้าต้องการกินไอศกรีมซึ่งมีปริมาณน้ำตาล3-4 ช้อนชาควรลดข้าวในมื้อนั้น1ทัพพีและเนื่องจาก
ไอศกรีมมีไขมันด้วย อาหารที่กินร่วมกับข้าวในมื้อนั้นควรหลีกเลี่ยงอาหารผัด/ทอด อาจจะเป็นต้มจืด
หรือปิ้งย่างแทน"
ยกตััวอย่างน้ำตาลเทียม,,แอสปาร์เทม อะเซสซัลเฟมโปแทสเซียม ซูคราโลส แซคคาริน
แอสปาร์เทมควรใช้ไม่เกินกี่มิลลิกรัมต่อน้ำหนักตัว1กิโลกรัม,,50 มิลลิกรัมต่อน้ำหนักตัว 1 กิโลกรัม
อะเซสซัลเฟมโปแทสเซียมควรใช้ไม่เกินกี่มิลลิกรัมต่อน้ำหนักตัว1กิโลกรัม,,15 มิลลิกรัมต่อน้ำหนักตัว 1 กิโลกรัม
ซูคราโลสควรใช้ไม่เกินกี่มิลลิกรัมต่อน้ำหนักตัว1กิโลกรัม,,5 มิลลิกรัมต่อน้ำหนักตัว 1 กิโลกรัม
แซคคารินควรใช้ไม่เกินกี่มิลลิกรัมต่อน้ำหนักตัว1กิโลกรัม,,5 มิลลิกรัมต่อน้ำหนักตัว 1 กิโลกรัม
เป้าหมายระดับน้ำตาลในเลือดขณะอดอาหารของผู้ป่วยเบาหวาน,,90-<130 มิลลิกรัม/เดซิลิตร
เป้าหมายระดับน้ำตาลในเลือดหลังอาหาร 2 ชั่วโมงของผู้ป่วยเบาหวาน,,<140 มิลลิกรัม/เดซิลิตร
เป้าหมายระดับน้ำตาลในเลือดสูงสุดหลังอาหารของผู้ป่วยเบาหวาน,,<180 มิลลิกรัม/เดซิลิตร
เป้าหมายระดับโคเลสเตอรอลรวมของผู้ป่วยเบาหวาน,,130-170 มิลลิกรัม/เดซิลิตร
เป้าหมายระดับแอล ดี แอล คอเลสเทอรอลของผู้ป่วยเบาหวาน,,<100 มิลลิกรัม/เดซิลิตร
เป้าหมายระดับไตรกลีเซอไรด์ของผู้ป่วยเบาหวาน,,<150 มิลลิกรัม/เดซิลิตร
เป้าหมายระดับเอช ดีแอล คอลเลสเทอรอลผู้ชายของผู้ป่วยเบาหวาน,,มากกว่าหรือเท่ากับ40มิลลิกรัม/เดซิลิตร
เป้าหมายระดับเอช ดีแอล คอลเลสเทอรอลผู้หญิงของผู้ป่วยเบาหวาน,,มากกว่าหรือเท่ากับ50มิลลิกรัม/เดซิลิตร
เป้าหมายความดันโลหิตตัวบน (systolic BP)ของผู้ป่วยเบาหวาน,,<140 มิลลิเมตรปรอท
เป้าหมายความดันโลหิตตัวล่าง (diastolic BP)ของผู้ป่วยเบาหวาน,,<80 มิลลิเมตรปรอท
เป้าหมายดัชนีมวลกายของผู้ป่วยเบาหวาน,,18.5-22.9 กิโลกรัม/ตารางเมตร
เป้าหมายรอบเอวผู้ชายของผู้ป่วยเบาหวาน,,ไม่เกินส่วนสูง/2 หรือ < 90 เซนติเมตร
เป้าหมายรอบเอวหญิงของผู้ป่วยเบาหวาน,,ไม่เกินส่วนสูง/2 หรือ < 80 เซนติเมตร
เป้าหมายการสูบบุหรี่ของผู้ป่วยเบาหวาน,,ไม่สูบบุหรี่และหลีกเลี่ยงการรับควันบุหรี่
เป้าหมายการออกกำลังกายของผู้ป่วยเบาหวาน,,ตามคำแนะนำของแพทย์
เป้าหมายการดูแลระดับน้ำตาลในเลือดขณะอดอาหารของผู้ป่วยเบาหวาน,,90-<130 มิลลิกรัม/เดซิลิตร
เป้าหมายการดูแลระดับน้ำตาลในเลือดหลังอาหาร 2 ชั่วโมงของผู้ป่วยเบาหวาน,,<140 มิลลิกรัม/เดซิลิตร
เป้าหมายการดูแลระดับน้ำตาลในเลือดสูงสุดหลังอาหารของผู้ป่วยเบาหวาน,,<180 มิลลิกรัม/เดซิลิตร
เป้าหมายการดูแลระดับโคเลสเตอรอลรวมของผู้ป่วยเบาหวาน,,130-170 มิลลิกรัม/เดซิลิตร
เป้าหมายการดูแลระดับแอล ดี แอล คอเลสเทอรอลของผู้ป่วยเบาหวาน,,<100 มิลลิกรัม/เดซิลิตร
เป้าหมายการดูแลระดับไตรกลีเซอไรด์ของผู้ป่วยเบาหวาน,,<150 มิลลิกรัม/เดซิลิตร
เป้าหมายการดูแลระดับเอช ดีแอล คอลเลสเทอรอลผู้ชายของผู้ป่วยเบาหวาน,,มากกว่าหรือเท่ากับ40มิลลิกรัม/เดซิลิตร
เป้าหมายการดูแลระดับเอช ดีแอล คอลเลสเทอรอลผู้หญิงของผู้ป่วยเบาหวาน,,มากกว่าหรือเท่ากับ50มิลลิกรัม/เดซิลิตร
เป้าหมายการดูแลความดันโลหิตตัวบน (systolic BP)ของผู้ป่วยเบาหวาน,,<140 มิลลิเมตรปรอท
เป้าหมายการดูแลความดันโลหิตตัวล่าง (diastolic BP)ของผู้ป่วยเบาหวาน,,<80 มิลลิเมตรปรอท
เป้าหมายการดูแลดัชนีมวลกายของผู้ป่วยเบาหวาน,,18.5-22.9 กิโลกรัม/ตารางเมตร
เป้าหมายการดูแลรอบเอวผู้ชายของผู้ป่วยเบาหวาน,,ไม่เกินส่วนสูง/2 หรือ < 90 เซนติเมตร
เป้าหมายการดูแลรอบเอวหญิงของผู้ป่วยเบาหวาน,,ไม่เกินส่วนสูง/2 หรือ < 80 เซนติเมตร
เป้าหมายการดูแลการสูบบุหรี่ของผู้ป่วยเบาหวาน,,ไม่สูบบุหรี่และหลีกเลี่ยงการรับควันบุหรี่
เป้าหมายการดูแลการออกกำลังกายของผู้ป่วยเบาหวาน,,ตามคำแนะนำของแพทย์
เป้าหมายการดูแลระดับLDL คอเลสเทอรอลของผู้ป่วยเบาหวาน,,<100 มิลลิกรัม/เดซิลิตร
เป้าหมายการดูแลระดับHDL คอลเลสเทอรอลผู้ชายของผู้ป่วยเบาหวาน,,มากกว่าหรือเท่ากับ40มิลลิกรัม/เดซิลิตร
เป้าหมายการดูแลระดับHDL คอลเลสเทอรอลผู้หญิงของผู้ป่วยเบาหวาน,,มากกว่าหรือเท่ากับ50มิลลิกรัม/เดซิลิตร
ไม่ควรบริโภคไขมันเกินร้อยละเท่าไรของพลังงานรวมแต่ละวัน,,30-35 ของพลังงานรวมแต่ละวัน
น้ำมันประกอบอาหารควรเป็นแบบไหน,,"น้ำมันประกอบอาหารควรใช้ไขมันไม่อิ่มตัวเชิงเดี่ยวหรือใช้ร่วมกับไขมันไม่อิ่มตัวเชิงซ้อน เช่น ชนิดที่เป็น
โอเมก้า6"
ยกตัวอย่างน้ำมันที่มีไขมันอิ่มตัวเชิงเดี่ยวมาก,,น้ำมันรำข้าว น้ำมันคาโนล่า น้ำมันมะกอก 
ยกตัวอย่างน้ำมันไม่อิ่มตัวเชิงซ้อนชนิดที่เป็นโอเมก้า6 มาก,,"น้ำมันถั่วเหลือง น้ำมันข้าวโพด น้ำมัน
ดอกทานตะวัน และที่เป็นโอเมก้า3 มาก ได้แก่ น้ำมันปลา"
ยกตัวอย่างไขมันอิ่มตัว,,ไขมันจากสัตว์ น้ำกะทิ น้ำมันมะพร้าว น้ำมันปาล์ม
ผลกระทบของอาหารที่มีไขมันนอิ่มตัวสูงจะทำให้เกิดอะไร,,"อาหารที่มีไขมันอิ่มตัวสูงจะทำให้
ระดับกรดไขมันอิสระในเลือดสูงขึ้น มีผลทำให้เกิดภาวะดื้ออินซูลินที่กล้ามเนื้อลาย และทำให้ระดับ
เอลดีเอลคอเลสเทอรอลเพิ่มขึ้น เสี่ยงต่อหลอดเลือดแดงแข็งและตีบตัน"
ยกตัวอย่างการควบคุมอาหารประเภทไขมันและคอเลสเทรอล,,"บริโภคไขมันไม่เกินร้อยละ30-35 ของพลังงานรวมแต่ละวัน โดยเป็นไขมันอิ่มตัวไม่เกินร้อยละ7 ไขมัน
ไม่อิ่มตัวหลายตำแหน่งไม่เกินร้อยละ 10 ส่วนที่เหลือให้เป็นไขมันไม่อิ่มตัวหนึ่งตำแหน่ง"
ไขมัันทรานส์พบมากในไหน,,มาร์การีน เนยขาว และอาหารอบกรอบ
ไขมันทรานส์ควรบริโภคประมาณเท่าใด,,ไม่ให้เกิน 1% ของพลังงานรวม
ผลกระทบจากการบริโภคไขมันทรานส์,,"เพิ่มความเสี่ยงในการเกิดโรค
หัวใจและหลอดเลือด"
ควรจำกัดการบริโภคอาหารที่มีปริมาณคอเลสเทอรอลเท่าไรต่อวัน,,300 มิลลิกรัม/วัน
หากเป็นโรคหลอดเลือดหัวใจควรจำกัดการบริโภคอาหารที่มีปริมาณคอเลสเทอรอลเท่าไรต่อวัน,,200 มิลลิกรัม/วัน
อาหารที่มีคอเลสเทอรอลสูงคือ,,"ไขมันจากสัตว์ เนื้อสัตว์
ที่ติดหนังติดมัน เครื่องในสัตว์ กุ้ง ปลาหมึก ปู"
โปรตีนควรบริโภคร้อยละเท่าไรของพลังงานทั้งหมด,,15-20 ของพลังงานทั้งหมด
ควรบริโภคปลากี่ครั้งต่อสัปดาห์,,2ครั้ง/สัปดาห์
ปลาให้สารอาหารชนิดใด,,โอเมก้า 3
แนะนำวิธีการควบคุมอาหารประเภทโปรตีน,,"บริโภคโปรตีนร้อยละ 15-20 ของพลังงานทั้งหมด ถ้าการทำงานของไตเป็นปกติ
บริโภคเนื้อสัตว์ที่ไม่ติดหนังไม่ติดมันและมีไขมันต่ำร่วมกับโปรตีนจากถั่วเหลืองเป็นประจำ
บริโภคปลา 2 ครั้ง/สัปดาห์หรือมากกว่า เพื่อให้ได้โอเมก้า3
หลีกเลี่ยงการบริโภคเนื้อสัตว์แปรรูป เช่น กุนเชียง ไส้กรอก โบโลนย่า แฮม เพราะมีปริมาณไขมันและเกลือสูง
ไม่ควรกินเกลือโซเดียมเกินวันละ2,000 มิลลิกรัม หรือเทียบเป็นเกลือแกงคือ1 ช้อนชา หากเป็นน้ำปลาซีอิ๊ว ซอสปรุงรส คือ 3 ช้อนชา"
แนะนำวิธีการควบคุมอาหารประเภทโปรตีน,,บริโภคโปรตีนร้อยละ 15-20 ของพลังงานทั้งหมด ถ้าการทำงานของไตเป็นปกติ
แนะนำวิธีการควบคุมอาหารประเภทโปรตีน,,บริโภคเนื้อสัตว์ที่ไม่ติดหนังไม่ติดมันและมีไขมันต่ำร่วมกับโปรตีนจากถั่วเหลืองเป็นประจำ
แนะนำวิธีการควบคุมอาหารประเภทโปรตีน,,บริโภคปลา 2 ครั้ง/สัปดาห์หรือมากกว่า เพื่อให้ได้โอเมก้า3
แนะนำวิธีการควบคุมอาหารประเภทโปรตีน,,หลีกเลี่ยงการบริโภคเนื้อสัตว์แปรรูป เช่น กุนเชียง ไส้กรอก โบโลนย่า แฮม เพราะมีปริมาณไขมันและเกลือสูง
แนะนำวิธีการควบคุมอาหารประเภทโปรตีน,,"ไม่ควรกินเกลือโซเดียมเกินวันละ2,000 มิลลิกรัม หรือเทียบเป็นเกลือแกงคือ1 ช้อนชา หากเป็นน้ำปลาซีอิ๊ว ซอสปรุงรส คือ 3 ช้อนชา"
แนะนำวิธีการดื่มแอลกอฮอล์,,"ไม่แนะนำให้ดื่มเครื่องดื่มที่มีแอลกอฮอล์ ถ้าดื่มควรจำกัดปริมาณไม่เกิน 1 ส่วน/วัน สำหรับผู้หญิง
และ 2 ส่วน/วัน สำหรับผู้ชาย โดย 1 ส่วนของแอลกอฮอล์ คือ วิสกี้ 45 มิลลิลิตร หรือเบียร์ชนิดอ่อน
360 มิลลิลิตร หรือไวน์ 120 มิลลิลิตร
การดื่มแอลกอฮอล์ตามที่กำหนดอย่างเดียวไม่มีผลต่อระดับน้ำตาลและอินซูลิน การกินคาร์โบไฮเดรต
เป็นกับแกล้มร่วมด้วย อาจเพิ่มระดับน้ำตาลในเลือดได้
ไม่ดื่มแอลกอฮอล์อย่างเดียวและปริมาณเกินกว่าที่กำหนด ต้องกินอาหารร่วมด้วยเพื่อป้องกันไม่ให้เกิด
ระดับน้ำตาลในเลือดต่ำ"
แนะนำวิธีการดื่มแอลกอฮอล์,,"ไม่แนะนำให้ดื่มเครื่องดื่มที่มีแอลกอฮอล์ ถ้าดื่มควรจำกัดปริมาณไม่เกิน 1 ส่วน/วัน สำหรับผู้หญิง
และ 2 ส่วน/วัน สำหรับผู้ชาย โดย 1 ส่วนของแอลกอฮอล์ คือ วิสกี้ 45 มิลลิลิตร หรือเบียร์ชนิดอ่อน
360 มิลลิลิตร หรือไวน์ 120 มิลลิลิตร"
แนะนำวิธีการดื่มแอลกอฮอล์,,"การดื่มแอลกอฮอล์ตามที่กำหนดอย่างเดียวไม่มีผลต่อระดับน้ำตาลและอินซูลิน การกินคาร์โบไฮเดรต
เป็นกับแกล้มร่วมด้วย อาจเพิ่มระดับน้ำตาลในเลือดได้"
แนะนำวิธีการดื่มแอลกอฮอล์,,"ไม่ดื่มแอลกอฮอล์อย่างเดียวและปริมาณเกินกว่าที่กำหนด ต้องกินอาหารร่วมด้วยเพื่อป้องกันไม่ให้เกิด
ระดับน้ำตาลในเลือดต่ำ"
แนะนำวิธีการบริโภควิตามินและแร่ธาตุ,,"ไม่จำเป็นต้องให้วิตามินหรือแร่ธาตุเสริมในผู้ป่วยเบาหวานที่กินอาหารได้ครบถ้วน
ในผู้สูงอายุอาจให้วิตามินรวมเสริมเป็นประจำทุกวัน โดยเฉพาะในคนที่ควบคุมปริมาณอาหาร
ไม่แนะนำให้ใช้สารต้านอนุมูลอิสระเพิ่มเป็นประจำเนื่องจากอาจไม่ปลอดภัยในระยะยาว"
คุมอาหารอย่างเดียวลดน้ำหนักได้หรือไม่,,"ได้ แต่จะลดได้เพียงเล็กน้อยเท่านั้น เพราะเมื่ออดอาหารน้ำหนักที่หายไปเป็นส่วนของไขมัน น้ำ และ
กล้ามเนื้อ เมื่ออดนานๆ ร่างกายจะปรับตัวให้ใช้พลังงานน้อยลง จะรู้สึกไม่กระปรี้กระเปร่า หรือเพลียๆ
ดูซูบเซียว ทำให้ล้มเหลว เลิกอดอาหาร กลับไปกินเหมือนเดิมหรือบางคนกินมากกว่าเดิม แม้กินเท่าเดิม
น้ำหนักจะขึ้นอย่างรวดเร็วเพราะร่างกายปรับตัวให้ใช้พลังงานน้อยลงแล้ว นอกจากนี้กล้ามเนื้อซึ่งเป็น
ส่วนที่เผาผลาญพลังงานได้มากมีขนาดลดลง ทำให้มีพลังงานเหลือเก็บมากขึ้น น้ำหนักจึงขึ้นเร็วและมาก
เกินกว่าเดิม คือเกิดปรากฏการณ์โยโย่ ดังนั้นการออกกำลังกายร่วมไปกับการคุมอาหารจะเป็นประโยชน์
มากกว่า"
ออกกำลังอย่างเดียวลดน้ำหนักได้หรือไม่,,"การออกกำลังกายอย่างเดียวส่วนใหญ่จะไม่ประสบความสำเร็จ คนอ้วนเมื่อกินอาหารเท่าเดิม
จะมีพลังงานส่วนเกินอยู่ทุกวัน เช่น พลังงานส่วนเกิน500 กิโลแคลอรีจะต้องเดินออกกำลังกายประมาณ
2 ชั่วโมง หรือวิ่งเหยาะ 1 ชั่วโมง จึงจะเผาผลาญพลังงานส่วนเกินได้หมด คนอ้วนมากยิ่งมีข้อจำกัด
ในการออกกำลังกายมาก เพราะน้ำหนักที่มากเกิน ทำให้เคลื่อนไหวลำบาก เกิดบาดเจ็บได้ง่าย
โดยเฉพาะที่ข้อเข่าและข้อเท้า การออกกำลังกายเพียงอย่างเดียวโดยไม่คุมอาหาร ยังอาจได้พลังงาน
มากเกินกว่าที่ต้องการจึงไม่สามารถลดน้ำหนักได้ นั่นคือล้มเหลวตั้งแต่แรกเริ่ม"
เริ่มออกกำลังเพื่อลดน้ำหนัก ควรทำอย่างไรจึงจะเหมาะ,,"เมื่อเริ่มคุมอาหารเพื่อลดน้ำหนัก ให้เคลื่อนไหวร่างกายมากขึ้นร่วมไปด้วย การออกกำลังกายที่เหมาะ
ที่สุดคือ การเดิน เริ่มต้นเดินช้าๆ หลังกินอาหารแต่ละมื้อ 500-1,000 ก้าวก่อนนั่งลงทำงาน ในระหว่าง
เวลาทำงานให้ลุกยืนและบริหารร่างกายส่วนต่างๆ 5-10 นาที วันละ 3-4 ครั้ง หลัง 1 สัปดาห์แล้ว
ให้เดินเร็วขึ้นและเพิ่มขึ้น 500 ก้าวทุก 3-5 วัน จนเดินต่อเนื่องได้ 3,000-4,000 ก้าว อาจปรับเป็นเดิน
วันละ 2 ครั้ง และบริหารร่างกายส่วนต่างๆ 5 นาทีก่อนและหลังเดิน โดยรวมแล้วให้เดินไม่ต่ำกว่า
10,000 ก้าวต่อวัน สามารถแปลงก้าวเป็นระยะทาง และใช้ระยะทางเป็นเครื่องวัดแทนได้ เช่น
แต่ละก้าวเท่ากับ 55 เซนติเมตร เดิน 10,000 ก้าวเท่ากับเดิน 5.5 กิโลเมตร คนอ้วนที่มีปัญหาเจ็บ/
ปวดที่ข้อเข่าหรือเท้า การเคลื่อนไหวร่างกายและเดินในน้ำจะช่วยลดปัญหาได้ เมื่อกระฉับกระเฉงขึ้น
ให้เริ่มว่ายน้ำ เพิ่มเวลาและระยะทางทีละน้อย จนว่ายได้ต่อเนื่องวันละ 30-45 นาที สัปดาห์ละ 3-4 วัน
(รวมไม่น้อยกว่า 120 นาทีต่อสัปดาห์)"
ผู้ที่เป็นเบาหวานไปงานเลี้ยงต้องปฏิบัติอย่างไร,,"ถ้าเป็นไปได้ ควรกินอาหารในปริมาณและสัดส่วนตามปกติที่แพทย์กำหนดไว้ แต่ถ้าจะกินอาหารเพิ่มขึ้น
ส่วนที่เพิ่มควรเป็นผักและเนื้อสัตว์ที่ไม่ติดหนังติดมัน สิ่งที่ควรงดคือ เครื่องดื่มรสหวานและของหวาน
147ถ้าดื่มเครื่องดื่มที่มีแอลกอฮอล์ ผู้หญิงดื่มได้ 1 ส่วน สำหรับผู้ชายดื่มได้ 2 ส่วน (1 ส่วนคือ วิสกี้ 45
มิลลิลิตร หรือเบียร์ชนิดอ่อน 360 มิลลิลิตร หรือไวน์ 120 มิลลิลิตร) หลังงานเลี้ยงให้หาโอกาสเดิน
ต่อเนื่อง 20-30 นาที เพื่อเผาผลาญพลังงานส่วนเกินหรือไขมันจากอาหารที่กินมาจากงานเลี้ยง
ถ้าเป็นเบาหวานชนิดที่ 1 และฉีดอินซูลินก่อนอาหารแต่ละมื้อ ให้นับปริมาณคาร์โบไฮเดรต และปรับ
ขนาดยาฉีดตามที่แพทย์แนะนำ"
ผู้ป่วยเบาหวานเมื่อเจ็บป่วยเป็นไข้ คลื่นไส้ อาเจียนต้องทำอย่างไร,,"เมื่อเจ็บป่วยควรตรวจระดับน้ำตาลในเลือด เพราะอาจลดต่ำหรือเพิ่มสูงขึ้นมากได้ กรณีที่กินยาหรือฉีด
อินซูลินแล้ว และระดับน้ำตาลในเลือดอยู่ระหว่าง100-200 มิลลิกรัม/เดซิลิตร กินยาลดไข้และแก้อาเจียน
นอนพัก ไม่ต้องกังวล ดื่มเครื่องดื่มผสมน้ำตาลครึ่งแก้วทุก 1 ชั่วโมง ตรวจระดับน้ำตาลในเลือด
ทุก2-4 ชั่วโมง ถ้าหยุดอาเจียนและระดับน้ำตาลในเลือดใกล้เคียงเดิม กินอาหารอ่อนๆ ตามเวลาอาหาร
จนอาการดีขึ้น ถ้ากินยาลดไข้และแก้อาเจียนแล้วอาการไม่ดีขึ้นใน 2 ชั่วโมง ยังมีคลื่นไส้
อาเจียนต่อเนื่อง ให้รีบไปพบแพทย์
ในกรณีที่เกิดอาการก่อนเวลากินยาหรือฉีดอินซูลิน และระดับน้ำตาลในเลือดอยู่ระหว่าง
100-200 มิลลิกรัม/เดซิลิตร ถ้าใช้ยากินคุมเบาหวานให้กินยาลดไข้และแก้อาเจียนโดยที่ยังไม่ต้องกิน
ยาคุมเบาหวาน นอนพัก รอดูอาการประมาณ 2 ชั่วโมง เมื่อดีขึ้นให้กินยารักษาเบาหวานและกินอาหารอ่อนๆ
ตรวจระดับน้ำตาลในเลือดทุก 4 ชั่วโมง ถ้าระดับน้ำตาลในเลือดต่ำกว่า 70 มิลลิกรัม/เดซิลิตร
หากใกล้เวลาอาหารให้กินอาหารทันที หากยังไม่ถึงเวลาอาหารให้ดื่มน้ำผลไม้หรือเครื่องดื่มผสมน้ำตาล
ครึ่งแก้ว และติดตามระดับน้ำตาลในเลือด กรณีที่ใช้ยาฉีดอินซูลิน ถ้าระดับน้ำตาลในเลือดมากกว่า
250 มิลลิกรัม/เดซิลิตร ในเด็ก หรือมากกว่า 300 มิลลิกรัม/เดซิลิตร ในผู้ใหญ่ให้ไปพบแพทย์ทันที
แต่ถ้าระดับน้ำตาลในเลือดอยู่ระหว่าง 100-200 มิลลิกรัม/เดซิลิตร ให้กินยาลดไข้และแก้อาเจียน
และฉีดอินซูลินโดยลดขนาดลงครึ่งหนึ่ง หรือ 2 ใน 3 ดื่มเครื่องดื่มผสมน้ำตาลครึ่งแก้ว นอนพัก
ตรวจระดับน้ำตาลในเลือดทุก 1-2 ชั่วโมง ถ้าระดับน้ำตาลในเลือดคงที่ สามารถกินอาหารมื้อถัดไปได้
ให้ฉีดอินซูลินขนาดเท่าที่ฉีดครั้งแรก กินอาหารอ่อนๆ ฉีดยาก่อนกินอาหารมื้อถัดไป แต่ถ้าระดับน้ำตาล
ในเลือดเพิ่มขึ้นสูงกว่า 250 หรือ 300 มิลลิกรัม/เดซิลิตร หรืออาการไม่ดีขึ้นใน 24 ชั่วโมงให้ปรึกษา
แพทย์หรือไปพบแพทย์
ในขณะป่วยถ้ามีอาการหิว ใจสั่น ตาลาย หน้ามืด กระสับกระส่ายให้ตรวจระดับน้ำตาลในเลือด
ทันที ถ้าระดับน้ำตาลในเลือดต่ำกว่า 100 มิลลิกรัม/เดซิลิตร ให้ดื่มเครื่องดื่มผสมน้ำตาลหรือน้ำผลไม้
ครึ่งแก้ว ซ้ำได้ทุก 1 ชั่วโมงเพื่อให้ระดับน้ำตาลในเลือดไม่ต่ำกว่า 100 มิลลิกรัม/เดซิลิตร แต่ไม่เกิน
200 มิลลิกรัม/เดซิลิตร"
ผู้ที่เป็นเบาหวานชนิดที่ 2 และฉีดอินซูลินวันละ 2 ครั้ง ควรออกกำลังกายอย่างไร,,"ถ้ายังไม่เคยออกกำลังกายเลย ควรมีเครื่องตรวจวัดระดับน้ำตาลในเลือดและเรียนรู้วิธีการใช้จนสามารถ
ตรวจเองได้ถูกต้อง การออกกำลังกายให้เริ่มด้วยการเดินก่อน เดินตอนเช้าก่อนฉีดยา โดยเดินต่อเนื่อง
ประมาณ 10 นาที ก่อนและหลังเดินควรบริหารร่างกาย 5 นาที เพิ่มระยะเวลาเดิน 5 นาที
ทุก 3-5 วัน เมื่อจะเดินนาน 20 นาทีให้ตรวจระดับน้ำตาลในเลือดก่อนเดินและหลังเดินดูว่ามีการ
เปลี่ยนแปลงอย่างไร ถ้าไม่เปลี่ยนแปลงให้ทำอีกเมื่อเดินนาน 30 นาที และ 40 นาที ถ้าระดับน้ำตาล
ในเลือดหลังเดินลดลงจากเดิมมากกว่า100 มิลลิกรัม/เดซิลิตร หรือระดับน้ำตาลในเลือดวัดได้น้อยกว่า
100 มิลลิกรัม/เดซิลิตร ให้ลดยาฉีดมื้อเช้าลงตามที่แพทย์แนะนำไว้ ถ้าระดับน้ำตาลในเลือดก่อนเริ่มเดิน
ต่ำกว่า 70 มิลลิกรัม/เดซิลิตร ให้กินขนมปัง 1 แผ่น หรือดื่มนมครึ่งแก้วก่อนจึงเดิน ถ้าจะออกกำลังกาย
หนักขึ้น เช่น วิ่งเหยาะ ตีแบดมินตัน ตีเทนนิส ขี่จักรยานเร็วๆ ให้ตรวจระดับน้ำตาลในเลือดก่อน
และหลังการออกกำลังกายดูการเปลี่ยนแปลง ถ้าก่อนออกกำลังกายหนักระดับน้ำตาลในเลือดน้อยกว่า
100 มิลลิกรัม/เดซิลิตร ให้กินขนมปัง1 แผ่น หรือดื่มนมครึ่งแก้วก่อนจึงออกกำลังกาย ถ้าออกกำลังกาย
มากกว่า 30 นาทีให้กินเพิ่มเท่าตัว และถ้าออกกำลังกายมากกว่า 60 นาที ต้องตรวจระดับน้ำตาล
ในเลือดระหว่างออกกำลังกายและเพิ่มเครื่องดื่มเป็นระยะถ้าระดับน้ำตาลในเลือดลดลง เมื่อออกกำลังกาย
หนักและนาน ควรตรวจระดับน้ำตาลในเลือดก่อนอาหารทุกมื้อและก่อนนอน เพื่อใช้เป็นแนวทาง
ในการปรับยาฉีด ซึ่งอาจปรับลดลงได้ทั้ง 2 เวลาตามแพทย์แนะนำ ถ้ามีอาการหิว ใจสั่น ตาลาย
หน้ามืดให้หยุดออกกำลังกายและเจาะเลือดทันทีและดื่มเครื่องดื่มถ้าระดับน้ำตาลในเลือดต่ำกว่า
70 มิลลิกรัม/เดซิลิตร ในกรณีที่ระดับน้ำตาลในเลือดก่อนเริ่มออกกำลังกายสูงกว่า300 มิลลิกรัม/เดซิลิตร
ให้ปรึกษาแพทย์เพื่อปรับยาก่อน"
ข้อปฏิบัติการกินอาหารของผู้ที่เป็นโรคความดันโลหิตสูง หัวใจ และอัมพาต,,"- ควรหลีกเลี่ยงหรืองดการกินอาหารที่มีไขมันสูง ได้แก่ อาหารผัด ทอด และไขมันที่มาจากสัตว์
การกินเนื้อสัตว์ ควรเลาะไขมันหรือหนังออก รวมทั้งหลีกเลี่ยงขนมหวาน แกงกะทิ และขนมเบเกอรี่ที่ใช้
เนย มาร์การีน เป็นส่วนผสม ได้แก่ เค้ก คุกกี้ โดนัต พาย
- เพิ่มการกินผัก ผลไม้ ที่รสไม่หวานมาก โดยในแต่ละวันควรเลือกกินอาหารประเภทผัก ผลไม้ให้ได้
อย่างน้อย วันละ 5 ส่วน
- ลดการรับประทานอาหารรสเค็มจัด หรืออาหารที่มีโซเดียมสูง โดยลดการใช้เครื่องปรุงรสต่างๆ หลีกเลี่ยง
อาหารแปรรูป ชิมอาหารก่อนปรุง รู้จักการอ่านฉลากโภชนาการและเลือกซื้อให้เหมาะสม
- งดเครื่องดื่มที่มีแอลกอฮอล์
- ออกกำลังกายสม่ำเสมอ ช่วยให้ระบบหมุนเวียนเลือดในร่างกายไหลเวียนดีขึ้น ลดระดับความดันโลหิตได้
รวมทั้งเป็นการผ่อนคลายความเครียด"
ข้อปฏิบัติการกินอาหารของผู้ที่เป็นโรคความดันโลหิตสูง หัวใจ และอัมพาต,,"- ควรหลีกเลี่ยงหรืองดการกินอาหารที่มีไขมันสูง ได้แก่ อาหารผัด ทอด และไขมันที่มาจากสัตว์
การกินเนื้อสัตว์ ควรเลาะไขมันหรือหนังออก รวมทั้งหลีกเลี่ยงขนมหวาน แกงกะทิ และขนมเบเกอรี่ที่ใช้
เนย มาร์การีน เป็นส่วนผสม ได้แก่ เค้ก คุกกี้ โดนัต พาย"
ข้อปฏิบัติการกินอาหารของผู้ที่เป็นโรคความดันโลหิตสูง หัวใจ และอัมพาต,,"- เพิ่มการกินผัก ผลไม้ ที่รสไม่หวานมาก โดยในแต่ละวันควรเลือกกินอาหารประเภทผัก ผลไม้ให้ได้
อย่างน้อย วันละ 5 ส่วน"
ข้อปฏิบัติการกินอาหารของผู้ที่เป็นโรคความดันโลหิตสูง หัวใจ และอัมพาต,,"- ลดการรับประทานอาหารรสเค็มจัด หรืออาหารที่มีโซเดียมสูง โดยลดการใช้เครื่องปรุงรสต่างๆ หลีกเลี่ยง
อาหารแปรรูป ชิมอาหารก่อนปรุง รู้จักการอ่านฉลากโภชนาการและเลือกซื้อให้เหมาะสม"
ข้อปฏิบัติการกินอาหารของผู้ที่เป็นโรคความดันโลหิตสูง หัวใจ และอัมพาต,,- งดเครื่องดื่มที่มีแอลกอฮอล์
ข้อปฏิบัติการกินอาหารของผู้ที่เป็นโรคความดันโลหิตสูง หัวใจ และอัมพาต,,"- ออกกำลังกายสม่ำเสมอ ช่วยให้ระบบหมุนเวียนเลือดในร่างกายไหลเวียนดีขึ้น ลดระดับความดันโลหิตได้
รวมทั้งเป็นการผ่อนคลายความเครียด"
อาการแสดงของโรคความดันโลหิตสูงคือ,,"ปวดศีรษะ มึนงง ตาพล่า เหนื่อยง่าย แน่นหน้าอก คลื่นไส้ แต่ส่วนใหญ่
แล้วจะไม่แสดงอาการใดๆ เลย จนกระทั่งมีความดันโลหิตสูงที่สูงมากจนเป็นอันตราย"
ความดันโลหิต มีสองค่า คือ,,ความดันในหลอดเลือดขณะที่หัวใจบีบตัว และ ความดันในหลอดเลือดขณะที่หัวใจคลายตัว
ความดันโลหิต มีสองค่า อะไรบ้าง,,ความดันในหลอดเลือดขณะที่หัวใจบีบตัว และ ความดันในหลอดเลือดขณะที่หัวใจคลายตัว
ความดันโลหิต มีสองค่า คือ,,"วามดันในหลอดเลือดขณะที่หัวใจบีบตัว (ความดันตัวบน ค่ามาก)
และความดันในหลอดเลือดขณะที่หัวใจคลายตัว (ความดันตัวล่าง ค่าน้อย)"
ความดันโลหิต มีสองค่า อะไรบ้าง,,"วามดันในหลอดเลือดขณะที่หัวใจบีบตัว (ความดันตัวบน ค่ามาก)
และความดันในหลอดเลือดขณะที่หัวใจคลายตัว (ความดันตัวล่าง ค่าน้อย)"
โรคความดันโลหิตสูง ควรมีความดันตัวบนเท่าไร,,น้อยกว่า 140 มิลลิเมตรปรอท
โรคความดันโลหิตสูง ควรมีความดันตัวล่างเท่าไร,,น้อยกว่า 90 มิลลิเมตรปรอท
โรคความดันโลหิตสูง ควรมีความดันตัวบนและตัวล่างเท่าไร,,น้อยกว่า 140 มิลลิเมตรปรอท และ น้อยกว่า 90 มิลลิเมตรปรอท ตามลำดับ
โรคความดันโลหิตสูง และโรคเบาหวาน ควรมีความดันตัวบนเท่าไร,,น้อยกว่า 130 มิลลิเมตรปรอท
โรคความดันโลหิตสูง และโรคเบาหวาน ควรมีความดันตัวล่างเท่าไร,,น้อยกว่า 80 มิลลิเมตรปรอท
โรคความดันโลหิตสูง และโรคเบาหวาน ควรมีความดันตัวบนและตัวล่างเท่าไร,,น้อยกว่า 130 มิลลิเมตรปรอท และ น้อยกว่า 80 มิลลิเมตรปรอท ตามลำดับ
โรคความดันโลหิตสูง และโรคไต ควรมีความดันตัวบนเท่าไร,,น้อยกว่า 130 มิลลิเมตรปรอท
โรคความดันโลหิตสูง และโรคไต ควรมีความดันตัวล่างเท่าไร,,น้อยกว่า 80 มิลลิเมตรปรอท
โรคความดันโลหิตสูง และโรคไต ควรมีความดันตัวบนและตัวล่างเท่าไร,,น้อยกว่า 130 มิลลิเมตรปรอท และ น้อยกว่า 80 มิลลิเมตรปรอท ตามลำดับ
โรคความดันโลหิตสูง โรคเบาหวาน และโรคไต ควรมีความดันตัวบนเท่าไร,,น้อยกว่า 130 มิลลิเมตรปรอท
โรคความดันโลหิตสูง โรคเบาหวาน และโรคไต ควรมีความดันตัวบนเท่าไร,,น้อยกว่า 80 มิลลิเมตรปรอท
โรคความดันโลหิตสูง โรคเบาหวาน และโรคไต ควรมีความดันตัวบนและตัวล่างเท่าไร,,น้อยกว่า 130 มิลลิเมตรปรอท และ น้อยกว่า 80 มิลลิเมตรปรอท ตามลำดับ
หากไม่รักษาระดับความดันโลหิตให้อยู่ในเกณฑ์ปกติ จะส่งผลกระทบอย่างไร,,"จะทำให้เส้นเลือดต่างๆ ถูกทำลาย หลอดเลือดอุดตัน
หรือเกิดการเสื่อมสภาพ เกิดขึ้นกับเส้นเลือดที่ไปเลี้ยงอวัยวะส่วนใด อวัยวะนั้นจะเกิดความเสียหาย เช่น เกิดกับ
เส้นเลือดที่ไปเลี้ยงหัวใจ ส่งผลให้หัวใจขาดเลือด กล้ามเนื้อหัวใจตาย หากเกิดกับเส้นเลือดที่ไปเลี้ยงสมอง
มีความเสี่ยง ทำให้เกิดเส้นเลือดในสมองแตก เกิดอัมพฤกษ์ อัมพาตได้ ดังนั้นอาจกล่าวได้ว่า หากผู้ที่เป็นโรค
ความดันโลหิตสูงที่ไม่รักษาดูแลระดับความดันโลหิตให้อยู่ในระดับปกติจะทำให้เกิดหัวใจขาดเลือด เส้นเลือดสมองแตก
อัมพฤกษ์ อัมพาตได้ อีกทั้งยังส่งผลให้ไตทำงานหนัก ไตเสื่อมจนกระทั่งไตวายในที่สุด"
ข้อปฏิบัติการกินอาหารของผู้ที่เป็นโรคความดันโลหิตสูง หัวใจ และอัมพาต,,"ลดการกินอาหารที่มีไขมันสูง
เพิ่มการกินผักสด ผลไม้หวานน้อยทุกวัน
ลดการรับประทานอาหารรสเค็มจัด หรืออาหารที่มีโซเดียมสูง"
วิธีการลดการกินอาหารที่มีไขมันสูง,,"ควรหลีกเลี่ยงหรืองดการกินอาหารที่มีไขมันสูง ได้แก่ อาหารผัด ทอด และไขมันที่มาจากสัตว์ เช่น
ปาท่องโก๋ กล้วยแขก หมูสามชั้น ข้าวมันไก่ ข้าวขาหมู เป็นต้น หากต้องการกินเนื้อสัตว์ ควรเลาะไขมันหรือหนัง
ออกให้หมด นอกจากนี้ควรหลีกเลี่ยงอาหารที่ใช้กะทิ ได้แก่ ขนมหวาน แกงกะทิ และขนมเบเกอรี่ที่ใช้เนย มาร์การีน
เป็นส่วนผสม ได้แก่ เค้ก คุกกี้ โดนัต พาย เป็นต้น"
เทคนิคการทำอาหารเพื่อลดไขมันสูง,,"การทำอาหาร ควรเลือกอาหารประเภท อบ ต้ม นึ่ง ย่าง เป็นประจำ หากต้องทำอาหารประเภทที่ใช้
น้ำมัน เช่น การทอด การผัด ควรใช้กระทะเคลือบเทฟล่อน โดยใช้น้ำมันแต่น้อย และเลือกใช้น้ำมันประเภท
ไม่อิ่มตัว ได้แก่ น้ำมันถั่วเหลือง น้ำมันรำข้าว น้ำมันดอกทานตะวัน น้ำมันงา น้ำมันมะกอก เป็นต้น"
การเลือกซื้ออาหารที่ลดไขมันสูง,,"การเลือกซื้อ เลือกกินอาหารต่างๆ ควรเลือกอาหารที่มีไขมันต่ำ เช่น เนื้อปลา เนื้อหมูไม่ติดมัน หรือไก่
ที่เลาะหนังออก หรือผลิตภัณฑ์อาหารที่ระบุว่า ไขมันต่ำ พร่องมันเนย เช่น นมไขมันต่ำหรือพร่องมันเนย โยเกิร์ต
ไขมันต่ำ เป็นต้น"
หากต้้องการกินเนื้อสัตว์เพื่อลดไขมันควรจะทำอย่างไร,,"ควรเลาะไขมันหรือหนัง
ออกให้หมด"
อาหารที่ี่มีไขมันสูง ได้แก่,,ปาท่องโก๋ กล้วยแขก หมูสามชั้น ข้าวมันไก่ ข้าวขาหมู 
ตัวอย่างอาหารที่ทำจากกะทิ,,ขนมหวาน แกงกะทิ
อาหารที่ี่มีไขมันสูง มีอะไรบ้าง,,ปาท่องโก๋ กล้วยแขก หมูสามชั้น ข้าวมันไก่ ข้าวขาหมู 
ตัวอย่างอาหารที่ี่มีไขมันสูง,,ปาท่องโก๋ กล้วยแขก หมูสามชั้น ข้าวมันไก่ ข้าวขาหมู 
การทำอาหารประเภทไหนมีไขมันสูง,,อาหารผัด ทอด 
การทำอาหารประเภทไหนมีไขมันต่ำ,,อาหารประเภท อบ ต้ม นึ่ง ย่าง
ควรทำอาหารประเภทไหนเพื่อลดไขมัน,,อาหารประเภท อบ ต้ม นึ่ง ย่าง
หากต้องทำอาหารประเภทที่ใช้น้ำมัน ควรใช้วิธีการไหนทำอาหารเพื่อลดไขมัน,,ควรใช้กระทะเคลือบเทฟล่อน โดยใช้น้ำมันแต่น้อย
น้ำมัันชนิดไหนเป็นประเภทไม่อิ่มตัว,,น้ำมันถั่วเหลือง น้ำมันรำข้าว น้ำมันดอกทานตะวัน น้ำมันงา น้ำมันมะกอก
ตัวอย่างอาหารประเภทไขมันต่ำ,,"เนื้อปลา เนื้อหมูไม่ติดมัน หรือไก่
ที่เลาะหนังออก"
"ปริมาณโซเดียม
ที่แนะนำต่อวันคือ",,"ไม่ควรกินเกิน 2,000 มิลลิกรัมของโซเดียม"
อาหารที่มีโซเดียมสูงคือ,,"เกลือ และเครื่องปรุงรส
ต่างๆ"
"ปริมาณโซเดียม 2,000 มิลลิกรัม จะเท่ากับ",,เกลือ 1 ช้อนชา
"ปริมาณโซเดียม 2,000 มิลลิกรัม จะเท่ากับ",,น้ำปลา ซีอิ๊ว ซอสปรุงรส ประมาณ 4-5 ช้อนชา
การปรุงอาหารรับประทานเองสามารถควบคุมปริมาณโซเดียมที่บริโภคได้ โดยการ,,"ด้วยการลดปริมาณการใช้
เครื่องปรุงที่มีโซเดียมปริมาณสูง"
วิธีการปรุงอาหารรับประทานเองที่สามารถควบคุมปริมาณโซเดียมที่บริโภคได้,,"ด้วยการลดปริมาณการใช้
เครื่องปรุงที่มีโซเดียมปริมาณสูง"
เครื่องปรุงที่มีโซเดียมปริมาณสูง ได้แก่,,เกลือ ซีอิ๊ว น้ำปลา ผงชูรส ผงปรุงรส ซอสหอยนางรม
ตัวอย่างเครื่องปรุงที่มีโซเดียมปริมาณสูง,,เกลือ ซีอิ๊ว น้ำปลา ผงชูรส ผงปรุงรส ซอสหอยนางรม
การปรุงอาหารรับประทานเองสามารถควบคุมปริมาณโซเดียมที่บริโภคได้ โดยการ,,"ใช้เครื่องเทศต่างๆ เช่น พริก ยี่หร่า ตะไคร้ ใบมะกรูด จะช่วยทำให้อาหารมีรสชาติ
มากขึ้น ในขณะที่ปริมาณโซเดียมลดลง"
วิธีการปรุงอาหารรับประทานเองที่สามารถควบคุมปริมาณโซเดียมที่บริโภคได้,,"ใช้เครื่องเทศต่างๆ เช่น พริก ยี่หร่า ตะไคร้ ใบมะกรูด จะช่วยทำให้อาหารมีรสชาติ
มากขึ้น ในขณะที่ปริมาณโซเดียมลดลง"
" เนื่องจากสังคมสมัยนี้ คนส่วนใหญ่มักฝากท้องไว้กับร้านอาหารนอกบ้าน ซึ่งเราไม่สามารถควบคุมปริมาณ
เครื่องปรุงที่แม่ครัว/พ่อครัวปรุงได้ แต่มีวิธีที่เราสามารถลดปริมาณโซเดียมที่บริโภคได้ ดังนี้คือ",,"ชิมอาหารก่อนปรุงทุกครั้ง ท่องไว้เสมอว่า น้ำปลาหรือซีอิ๊ว 1 ช้อนชาที่ใส่ลงไป มีโซเดียม 350-500 มิลลิกรัม หรือ 
ร้อยละ 15-20 ของความต้องการต่อวัน
หากรับประทานอาหารประเภทข้าวราดแกง แนะนำให้แยกแกงใส่ถ้วยเล็ก ไม่ควรราดบนข้าว และ
รับประทานน้ำซุปหรือน้ำแกงเพียงเล็กน้อย เช่นเดียวกับการบริโภคก๋วยเตี๋ยวน้ำ เพราะโซเดียมส่วนใหญ่
จะอยู่ในน้ำแกง
เลือกอาหารที่มาจากธรรมชาติ หรือผ่านการแปรรูปน้อยที่สุด เช่น เลือกบริโภคหมูแทนการบริโภค
ไส้กรอกหมู หรือหมูยอ เนื่องจากอาหารที่ผ่านกระบวนการแปรรูปจะมีโซเดียมเพิ่มขึ้น 5-10 เท่า
ลดความถี่ของการบริโภคอาหารที่ต้องมีเครื่องปรุงน้ำจิ้ม เช่น ข้าวมันไก่ ข้าวหมูแดง สุกี้ หมูกระทะ
เป็นต้น"
" เนื่องจากสังคมสมัยนี้ คนส่วนใหญ่มักฝากท้องไว้กับร้านอาหารนอกบ้าน ซึ่งเราไม่สามารถควบคุมปริมาณ
เครื่องปรุงที่แม่ครัว/พ่อครัวปรุงได้ แต่มีวิธีที่เราสามารถลดปริมาณโซเดียมที่บริโภคได้ ดังนี้คือ",,"ชิมอาหารก่อนปรุงทุกครั้ง ท่องไว้เสมอว่า น้ำปลาหรือซีอิ๊ว 1 ช้อนชาที่ใส่ลงไป มีโซเดียม 350-500 มิลลิกรัม หรือ 
ร้อยละ 15-20 ของความต้องการต่อวัน
"
" เนื่องจากสังคมสมัยนี้ คนส่วนใหญ่มักฝากท้องไว้กับร้านอาหารนอกบ้าน ซึ่งเราไม่สามารถควบคุมปริมาณ
เครื่องปรุงที่แม่ครัว/พ่อครัวปรุงได้ แต่มีวิธีที่เราสามารถลดปริมาณโซเดียมที่บริโภคได้ ดังนี้คือ",,"หากรับประทานอาหารประเภทข้าวราดแกง แนะนำให้แยกแกงใส่ถ้วยเล็ก ไม่ควรราดบนข้าว และ
รับประทานน้ำซุปหรือน้ำแกงเพียงเล็กน้อย เช่นเดียวกับการบริโภคก๋วยเตี๋ยวน้ำ เพราะโซเดียมส่วนใหญ่
จะอยู่ในน้ำแก
"
" เนื่องจากสังคมสมัยนี้ คนส่วนใหญ่มักฝากท้องไว้กับร้านอาหารนอกบ้าน ซึ่งเราไม่สามารถควบคุมปริมาณ
เครื่องปรุงที่แม่ครัว/พ่อครัวปรุงได้ แต่มีวิธีที่เราสามารถลดปริมาณโซเดียมที่บริโภคได้ ดังนี้คือ",,"เลือกอาหารที่มาจากธรรมชาติ หรือผ่านการแปรรูปน้อยที่สุด เช่น เลือกบริโภคหมูแทนการบริโภค
ไส้กรอกหมู หรือหมูยอ เนื่องจากอาหารที่ผ่านกระบวนการแปรรูปจะมีโซเดียมเพิ่มขึ้น 5-10 เท่า
"
" เนื่องจากสังคมสมัยนี้ คนส่วนใหญ่มักฝากท้องไว้กับร้านอาหารนอกบ้าน ซึ่งเราไม่สามารถควบคุมปริมาณ
เครื่องปรุงที่แม่ครัว/พ่อครัวปรุงได้ แต่มีวิธีที่เราสามารถลดปริมาณโซเดียมที่บริโภคได้ ดังนี้คือ",,"ลดความถี่ของการบริโภคอาหารที่ต้องมีเครื่องปรุงน้ำจิ้ม เช่น ข้าวมันไก่ ข้าวหมูแดง สุกี้ หมูกระทะ
เป็นต้น"
น้ำปลาหรือซีอิ๊ว 1 ช้อนชา มีโซเดียม,,350-500 มิลลิกรัม
